areaCode,areaName,areaType,date,cumDailyNsoDeathsByDeathDate,cumPeopleVaccinatedFirstDoseByVaccinationDate,cumPillarFourTestsByPublishDate,hospitalCases
K02000001,United Kingdom,overview,2023-11-17,233791,,,
K02000001,United Kingdom,overview,2023-11-16,233765,,,
K02000001,United Kingdom,overview,2023-11-15,233736,,,
K02000001,United Kingdom,overview,2023-11-14,233708,,,
K02000001,United Kingdom,overview,2023-11-13,233668,,,
K02000001,United Kingdom,overview,2023-11-12,233635,,,
K02000001,United Kingdom,overview,2023-11-11,233609,,,
K02000001,United Kingdom,overview,2023-11-10,233575,,,
K02000001,United Kingdom,overview,2023-11-09,233535,,,
K02000001,United Kingdom,overview,2023-11-08,233484,,,
K02000001,United Kingdom,overview,2023-11-07,233444,,,
K02000001,United Kingdom,overview,2023-11-06,233404,,,
K02000001,United Kingdom,overview,2023-11-05,233356,,,
K02000001,United Kingdom,overview,2023-11-04,233298,,,
K02000001,United Kingdom,overview,2023-11-03,233256,,,
K02000001,United Kingdom,overview,2023-11-02,233201,,,
K02000001,United Kingdom,overview,2023-11-01,233159,,,
K02000001,United Kingdom,overview,2023-10-31,233102,,,
K02000001,United Kingdom,overview,2023-10-30,233055,,,
K02000001,United Kingdom,overview,2023-10-29,233007,,,
K02000001,United Kingdom,overview,2023-10-28,232938,,,
K02000001,United Kingdom,overview,2023-10-27,232887,,,
K02000001,United Kingdom,overview,2023-10-26,232836,,,
K02000001,United Kingdom,overview,2023-10-25,232792,,,
K02000001,United Kingdom,overview,2023-10-24,232729,,,
K02000001,United Kingdom,overview,2023-10-23,232682,,,
K02000001,United Kingdom,overview,2023-10-22,232638,,,
K02000001,United Kingdom,overview,2023-10-21,232593,,,
K02000001,United Kingdom,overview,2023-10-20,232542,,,
K02000001,United Kingdom,overview,2023-10-19,232479,,,
K02000001,United Kingdom,overview,2023-10-18,232415,,,
K02000001,United Kingdom,overview,2023-10-17,232356,,,
K02000001,United Kingdom,overview,2023-10-16,232297,,,
K02000001,United Kingdom,overview,2023-10-15,232252,,,
K02000001,United Kingdom,overview,2023-10-14,232199,,,
K02000001,United Kingdom,overview,2023-10-13,232149,,,
K02000001,United Kingdom,overview,2023-10-12,232114,,,
K02000001,United Kingdom,overview,2023-10-11,232065,,,
K02000001,United Kingdom,overview,2023-10-10,232001,,,
K02000001,United Kingdom,overview,2023-10-09,231948,,,
K02000001,United Kingdom,overview,2023-10-08,231897,,,
K02000001,United Kingdom,overview,2023-10-07,231841,,,
K02000001,United Kingdom,overview,2023-10-06,231779,,,
K02000001,United Kingdom,overview,2023-10-05,231722,,,
K02000001,United Kingdom,overview,2023-10-04,231668,,,
K02000001,United Kingdom,overview,2023-10-03,231618,,,
K02000001,United Kingdom,overview,2023-10-02,231578,,,
K02000001,United Kingdom,overview,2023-10-01,231531,,,
K02000001,United Kingdom,overview,2023-09-30,231479,,,
K02000001,United Kingdom,overview,2023-09-29,231431,,,
K02000001,United Kingdom,overview,2023-09-28,231390,,,
K02000001,United Kingdom,overview,2023-09-27,231340,,,
K02000001,United Kingdom,overview,2023-09-26,231288,,,
K02000001,United Kingdom,overview,2023-09-25,231255,,,
K02000001,United Kingdom,overview,2023-09-24,231214,,,
K02000001,United Kingdom,overview,2023-09-23,231173,,,
K02000001,United Kingdom,overview,2023-09-22,231134,,,
K02000001,United Kingdom,overview,2023-09-21,231092,,,
K02000001,United Kingdom,overview,2023-09-20,231058,,,
K02000001,United Kingdom,overview,2023-09-19,231015,,,
K02000001,United Kingdom,overview,2023-09-18,230971,,,
K02000001,United Kingdom,overview,2023-09-17,230926,,,
K02000001,United Kingdom,overview,2023-09-16,230890,,,
K02000001,United Kingdom,overview,2023-09-15,230863,,,
K02000001,United Kingdom,overview,2023-09-14,230820,,,
K02000001,United Kingdom,overview,2023-09-13,230776,,,
K02000001,United Kingdom,overview,2023-09-12,230727,,,
K02000001,United Kingdom,overview,2023-09-11,230688,,,
K02000001,United Kingdom,overview,2023-09-10,230650,,,
K02000001,United Kingdom,overview,2023-09-09,230602,,,
K02000001,United Kingdom,overview,2023-09-08,230558,,,
K02000001,United Kingdom,overview,2023-09-07,230506,,,
K02000001,United Kingdom,overview,2023-09-06,230466,,,
K02000001,United Kingdom,overview,2023-09-05,230420,,,
K02000001,United Kingdom,overview,2023-09-04,230374,,,
K02000001,United Kingdom,overview,2023-09-03,230341,,,
K02000001,United Kingdom,overview,2023-09-02,230302,,,
K02000001,United Kingdom,overview,2023-09-01,230267,,,
K02000001,United Kingdom,overview,2023-08-31,230241,,,
K02000001,United Kingdom,overview,2023-08-30,230217,,,
K02000001,United Kingdom,overview,2023-08-29,230181,,,
K02000001,United Kingdom,overview,2023-08-28,230143,,,
K02000001,United Kingdom,overview,2023-08-27,230119,,,
K02000001,United Kingdom,overview,2023-08-26,230088,,,
K02000001,United Kingdom,overview,2023-08-25,230064,,,
K02000001,United Kingdom,overview,2023-08-24,230033,,,
K02000001,United Kingdom,overview,2023-08-23,230004,,,
K02000001,United Kingdom,overview,2023-08-22,229978,,,
K02000001,United Kingdom,overview,2023-08-21,229945,,,
K02000001,United Kingdom,overview,2023-08-20,229915,,,
K02000001,United Kingdom,overview,2023-08-19,229882,,,
K02000001,United Kingdom,overview,2023-08-18,229836,,,
K02000001,United Kingdom,overview,2023-08-17,229808,,,
K02000001,United Kingdom,overview,2023-08-16,229773,,,
K02000001,United Kingdom,overview,2023-08-15,229740,,,
K02000001,United Kingdom,overview,2023-08-14,229716,,,
K02000001,United Kingdom,overview,2023-08-13,229689,,,
K02000001,United Kingdom,overview,2023-08-12,229667,,,
K02000001,United Kingdom,overview,2023-08-11,229630,,,
K02000001,United Kingdom,overview,2023-08-10,229606,,,
K02000001,United Kingdom,overview,2023-08-09,229572,,,
K02000001,United Kingdom,overview,2023-08-08,229558,,,
K02000001,United Kingdom,overview,2023-08-07,229544,,,
K02000001,United Kingdom,overview,2023-08-06,229531,,,
K02000001,United Kingdom,overview,2023-08-05,229511,,,
K02000001,United Kingdom,overview,2023-08-04,229489,,,
K02000001,United Kingdom,overview,2023-08-03,229476,,,
K02000001,United Kingdom,overview,2023-08-02,229464,,,
K02000001,United Kingdom,overview,2023-08-01,229444,,,
K02000001,United Kingdom,overview,2023-07-31,229426,,,
K02000001,United Kingdom,overview,2023-07-30,229409,,,
K02000001,United Kingdom,overview,2023-07-29,229399,,,
K02000001,United Kingdom,overview,2023-07-28,229386,,,
K02000001,United Kingdom,overview,2023-07-27,229370,,,
K02000001,United Kingdom,overview,2023-07-26,229357,,,
K02000001,United Kingdom,overview,2023-07-25,229341,,,
K02000001,United Kingdom,overview,2023-07-24,229330,,,
K02000001,United Kingdom,overview,2023-07-23,229321,,,
K02000001,United Kingdom,overview,2023-07-22,229310,,,
K02000001,United Kingdom,overview,2023-07-21,229302,,,
K02000001,United Kingdom,overview,2023-07-20,229290,,,
K02000001,United Kingdom,overview,2023-07-19,229287,,,
K02000001,United Kingdom,overview,2023-07-18,229273,,,
K02000001,United Kingdom,overview,2023-07-17,229262,,,
K02000001,United Kingdom,overview,2023-07-16,229254,,,
K02000001,United Kingdom,overview,2023-07-15,229246,,,
K02000001,United Kingdom,overview,2023-07-14,229236,,,
K02000001,United Kingdom,overview,2023-07-13,229231,,,
K02000001,United Kingdom,overview,2023-07-12,229216,,,1325
K02000001,United Kingdom,overview,2023-07-11,229208,,,1146
K02000001,United Kingdom,overview,2023-07-10,229199,,,1148
K02000001,United Kingdom,overview,2023-07-09,229188,,,1154
K02000001,United Kingdom,overview,2023-07-08,229180,,,1154
K02000001,United Kingdom,overview,2023-07-07,229171,,,1140
K02000001,United Kingdom,overview,2023-07-06,229164,,,1143
K02000001,United Kingdom,overview,2023-07-05,229151,,,1315
K02000001,United Kingdom,overview,2023-07-04,229139,,,1206
K02000001,United Kingdom,overview,2023-07-03,229129,,,1205
K02000001,United Kingdom,overview,2023-07-02,229122,,,1230
K02000001,United Kingdom,overview,2023-07-01,229108,,,1239
K02000001,United Kingdom,overview,2023-06-30,229095,,,1269
K02000001,United Kingdom,overview,2023-06-29,229076,,,1331
K02000001,United Kingdom,overview,2023-06-28,229062,,,1574
K02000001,United Kingdom,overview,2023-06-27,229054,,,1436
K02000001,United Kingdom,overview,2023-06-26,229036,,,1489
K02000001,United Kingdom,overview,2023-06-25,229026,,,1490
K02000001,United Kingdom,overview,2023-06-24,229005,,,1543
K02000001,United Kingdom,overview,2023-06-23,228992,,,1596
K02000001,United Kingdom,overview,2023-06-22,228977,,,1738
K02000001,United Kingdom,overview,2023-06-21,228968,,,1990
K02000001,United Kingdom,overview,2023-06-20,228951,,,1896
K02000001,United Kingdom,overview,2023-06-19,228931,,,1997
K02000001,United Kingdom,overview,2023-06-18,228910,,,2021
K02000001,United Kingdom,overview,2023-06-17,228891,,,2090
K02000001,United Kingdom,overview,2023-06-16,228876,,,2172
K02000001,United Kingdom,overview,2023-06-15,228852,,,2234
K02000001,United Kingdom,overview,2023-06-14,228828,,,2543
K02000001,United Kingdom,overview,2023-06-13,228798,,,2343
K02000001,United Kingdom,overview,2023-06-12,228771,,,2396
K02000001,United Kingdom,overview,2023-06-11,228740,,,2364
K02000001,United Kingdom,overview,2023-06-10,228708,,,2373
K02000001,United Kingdom,overview,2023-06-09,228685,,,2438
K02000001,United Kingdom,overview,2023-06-08,228666,,,2496
K02000001,United Kingdom,overview,2023-06-07,228642,,,2728
K02000001,United Kingdom,overview,2023-06-06,228618,,,2550
K02000001,United Kingdom,overview,2023-06-05,228594,,,2608
K02000001,United Kingdom,overview,2023-06-04,228572,,,2615
K02000001,United Kingdom,overview,2023-06-03,228545,,,2599
K02000001,United Kingdom,overview,2023-06-02,228513,,,2753
K02000001,United Kingdom,overview,2023-06-01,228488,,,2771
K02000001,United Kingdom,overview,2023-05-31,228455,,,3205
K02000001,United Kingdom,overview,2023-05-30,228433,,,2950
K02000001,United Kingdom,overview,2023-05-29,228399,,,3014
K02000001,United Kingdom,overview,2023-05-28,228375,,,2949
K02000001,United Kingdom,overview,2023-05-27,228350,,,3004
K02000001,United Kingdom,overview,2023-05-26,228313,,,3177
K02000001,United Kingdom,overview,2023-05-25,228269,,,3212
K02000001,United Kingdom,overview,2023-05-24,228244,,,3580
K02000001,United Kingdom,overview,2023-05-23,228210,,,3324
K02000001,United Kingdom,overview,2023-05-22,228179,,,3318
K02000001,United Kingdom,overview,2023-05-21,228140,,,3400
K02000001,United Kingdom,overview,2023-05-20,228106,,,3445
K02000001,United Kingdom,overview,2023-05-19,228076,,,3579
K02000001,United Kingdom,overview,2023-05-18,228029,,,3701
K02000001,United Kingdom,overview,2023-05-17,227992,,,4080
K02000001,United Kingdom,overview,2023-05-16,227942,,,3890
K02000001,United Kingdom,overview,2023-05-15,227892,,,3991
K02000001,United Kingdom,overview,2023-05-14,227859,,,4083
K02000001,United Kingdom,overview,2023-05-13,227829,,,4138
K02000001,United Kingdom,overview,2023-05-12,227797,,,4237
K02000001,United Kingdom,overview,2023-05-11,227748,,,4287
K02000001,United Kingdom,overview,2023-05-10,227693,,,4825
K02000001,United Kingdom,overview,2023-05-09,227651,,,4570
K02000001,United Kingdom,overview,2023-05-08,227615,,,4887
K02000001,United Kingdom,overview,2023-05-07,227576,,,4837
K02000001,United Kingdom,overview,2023-05-06,227522,,,4877
K02000001,United Kingdom,overview,2023-05-05,227475,,,5011
K02000001,United Kingdom,overview,2023-05-04,227429,,,5121
K02000001,United Kingdom,overview,2023-05-03,227375,,,5699
K02000001,United Kingdom,overview,2023-05-02,227325,,,5385
K02000001,United Kingdom,overview,2023-05-01,227265,,,5318
K02000001,United Kingdom,overview,2023-04-30,227214,,,5282
K02000001,United Kingdom,overview,2023-04-29,227172,,,5143
K02000001,United Kingdom,overview,2023-04-28,227119,,,5424
K02000001,United Kingdom,overview,2023-04-27,227065,,,5555
K02000001,United Kingdom,overview,2023-04-26,227013,,,6153
K02000001,United Kingdom,overview,2023-04-25,226951,,,5825
K02000001,United Kingdom,overview,2023-04-24,226890,,,5978
K02000001,United Kingdom,overview,2023-04-23,226841,,,5946
K02000001,United Kingdom,overview,2023-04-22,226768,,,5964
K02000001,United Kingdom,overview,2023-04-21,226713,,,6202
K02000001,United Kingdom,overview,2023-04-20,226627,,,6467
K02000001,United Kingdom,overview,2023-04-19,226554,,,7179
K02000001,United Kingdom,overview,2023-04-18,226473,,,6749
K02000001,United Kingdom,overview,2023-04-17,226406,,,6926
K02000001,United Kingdom,overview,2023-04-16,226341,,,6928
K02000001,United Kingdom,overview,2023-04-15,226262,,,6966
K02000001,United Kingdom,overview,2023-04-14,226192,,,7205
K02000001,United Kingdom,overview,2023-04-13,226112,,,7525
K02000001,United Kingdom,overview,2023-04-12,226021,,,8201
K02000001,United Kingdom,overview,2023-04-11,225945,,,7872
K02000001,United Kingdom,overview,2023-04-10,225870,,,8324
K02000001,United Kingdom,overview,2023-04-09,225796,,,7646
K02000001,United Kingdom,overview,2023-04-08,225725,,,7726
K02000001,United Kingdom,overview,2023-04-07,225641,,,7879
K02000001,United Kingdom,overview,2023-04-06,225547,,,8113
K02000001,United Kingdom,overview,2023-04-05,225442,,,8864
K02000001,United Kingdom,overview,2023-04-04,225375,,,8816
K02000001,United Kingdom,overview,2023-04-03,225276,,,8943
K02000001,United Kingdom,overview,2023-04-02,225189,,,8908
K02000001,United Kingdom,overview,2023-04-01,225111,,,8867
K02000001,United Kingdom,overview,2023-03-31,225035,,,9146
K02000001,United Kingdom,overview,2023-03-30,224960,,,9163
K02000001,United Kingdom,overview,2023-03-29,224852,52301618,,10042
K02000001,United Kingdom,overview,2023-03-28,224756,52301496,,9518
K02000001,United Kingdom,overview,2023-03-27,224643,52301427,18431710,9747
K02000001,United Kingdom,overview,2023-03-26,224545,52301353,18429785,9690
K02000001,United Kingdom,overview,2023-03-25,224458,52301382,18429785,9632
K02000001,United Kingdom,overview,2023-03-24,224343,52301183,18429785,9705
K02000001,United Kingdom,overview,2023-03-23,224229,52301077,18427883,9816
K02000001,United Kingdom,overview,2023-03-22,224120,52300943,18426065,10467
K02000001,United Kingdom,overview,2023-03-21,224017,52300845,18424261,9958
K02000001,United Kingdom,overview,2023-03-20,223889,52300740,18422075,9929
K02000001,United Kingdom,overview,2023-03-19,223791,52300645,18419636,9696
K02000001,United Kingdom,overview,2023-03-18,223699,52300670,18419636,9560
K02000001,United Kingdom,overview,2023-03-17,223600,52300465,18418285,9544
K02000001,United Kingdom,overview,2023-03-16,223489,52300331,18416373,9552
K02000001,United Kingdom,overview,2023-03-15,223383,52300247,18411171,10370
K02000001,United Kingdom,overview,2023-03-14,223277,52300158,18408898,9447
K02000001,United Kingdom,overview,2023-03-13,223183,52300070,18404292,9292
K02000001,United Kingdom,overview,2023-03-12,223087,52300038,18394123,8971
K02000001,United Kingdom,overview,2023-03-11,222984,52300052,18391017,8851
K02000001,United Kingdom,overview,2023-03-10,222884,52299820,18390960,8894
K02000001,United Kingdom,overview,2023-03-09,222791,52299734,18378545,8585
K02000001,United Kingdom,overview,2023-03-08,222697,52299712,18364253,9233
K02000001,United Kingdom,overview,2023-03-07,222600,52299625,18356225,8566
K02000001,United Kingdom,overview,2023-03-06,222507,52299607,18348306,8491
K02000001,United Kingdom,overview,2023-03-05,222415,52299553,18333810,8365
K02000001,United Kingdom,overview,2023-03-04,222318,52299562,18319755,8229
K02000001,United Kingdom,overview,2023-03-03,222218,52299291,18310908,8386
K02000001,United Kingdom,overview,2023-03-02,222136,52299173,18291498,8398
K02000001,United Kingdom,overview,2023-03-01,222033,52299124,18274255,8837
K02000001,United Kingdom,overview,2023-02-28,221950,52298972,18256888,8412
K02000001,United Kingdom,overview,2023-02-27,221876,52298808,18242500,8407
K02000001,United Kingdom,overview,2023-02-26,221797,52298739,18223907,8333
K02000001,United Kingdom,overview,2023-02-25,221712,52298761,18207196,8264
K02000001,United Kingdom,overview,2023-02-24,221634,52298455,18198558,8367
K02000001,United Kingdom,overview,2023-02-23,221552,52298310,18181235,8884
K02000001,United Kingdom,overview,2023-02-22,221477,52298185,18165871,9259
K02000001,United Kingdom,overview,2023-02-21,221393,52298113,18148156,8684
K02000001,United Kingdom,overview,2023-02-20,221331,52298013,18132643,8699
K02000001,United Kingdom,overview,2023-02-19,221251,52297915,18113030,8447
K02000001,United Kingdom,overview,2023-02-18,221191,52297930,18113030,8277
K02000001,United Kingdom,overview,2023-02-17,221113,52297550,18088245,8184
K02000001,United Kingdom,overview,2023-02-16,221029,52297333,18067438,8080
K02000001,United Kingdom,overview,2023-02-15,220953,52297164,18052152,8408
K02000001,United Kingdom,overview,2023-02-14,220882,52297007,18036512,7835
K02000001,United Kingdom,overview,2023-02-13,220803,52296885,18018160,7730
K02000001,United Kingdom,overview,2023-02-12,220749,52296757,17998869,7495
K02000001,United Kingdom,overview,2023-02-11,220678,52296692,17998869,7248
K02000001,United Kingdom,overview,2023-02-10,220617,52295905,17978928,7602
K02000001,United Kingdom,overview,2023-02-09,220541,52295529,17960736,7579
K02000001,United Kingdom,overview,2023-02-08,220477,52295212,17947701,7574
K02000001,United Kingdom,overview,2023-02-07,220405,52294873,17931859,7591
K02000001,United Kingdom,overview,2023-02-06,220336,52294670,17915722,7646
K02000001,United Kingdom,overview,2023-02-05,220279,52294483,17892876,7496
K02000001,United Kingdom,overview,2023-02-04,220206,52294373,17892876,7386
K02000001,United Kingdom,overview,2023-02-03,220140,52293761,17874232,7417
K02000001,United Kingdom,overview,2023-02-02,220069,52293488,17860129,7337
K02000001,United Kingdom,overview,2023-02-01,219993,52293259,17841613,7212
K02000001,United Kingdom,overview,2023-01-31,219921,52293021,17827827,7159
K02000001,United Kingdom,overview,2023-01-30,219858,52292821,17802313,7132
K02000001,United Kingdom,overview,2023-01-29,219797,52292579,17791106,6999
K02000001,United Kingdom,overview,2023-01-28,219720,52292495,17791106,6917
K02000001,United Kingdom,overview,2023-01-27,219647,52291844,17766772,6882
K02000001,United Kingdom,overview,2023-01-26,219568,52291461,17748616,6879
K02000001,United Kingdom,overview,2023-01-25,219496,52291156,17734345,6886
K02000001,United Kingdom,overview,2023-01-24,219429,52290838,17717225,6926
K02000001,United Kingdom,overview,2023-01-23,219346,52290534,17699864,7122
K02000001,United Kingdom,overview,2023-01-22,219269,52290342,17687127,7022
K02000001,United Kingdom,overview,2023-01-21,219192,52290229,17687127,7050
K02000001,United Kingdom,overview,2023-01-20,219117,52289445,17662330,7302
K02000001,United Kingdom,overview,2023-01-19,219034,52289022,17641268,7499
K02000001,United Kingdom,overview,2023-01-18,218950,52288719,17623384,7848
K02000001,United Kingdom,overview,2023-01-17,218857,52288468,17605458,8270
K02000001,United Kingdom,overview,2023-01-16,218764,52288194,17586653,8393
K02000001,United Kingdom,overview,2023-01-15,218653,52287895,17566816,8483
K02000001,United Kingdom,overview,2023-01-14,218539,52287757,17566816,8657
K02000001,United Kingdom,overview,2023-01-13,218435,52287011,17543409,9010
K02000001,United Kingdom,overview,2023-01-12,218329,52286606,17528676,9353
K02000001,United Kingdom,overview,2023-01-11,218210,52286217,17509685,9707
K02000001,United Kingdom,overview,2023-01-10,218113,52285881,17488077,10083
K02000001,United Kingdom,overview,2023-01-09,217996,52285546,17466232,10471
K02000001,United Kingdom,overview,2023-01-08,217863,52285238,17446928,10521
K02000001,United Kingdom,overview,2023-01-07,217738,52285154,17446928,10673
K02000001,United Kingdom,overview,2023-01-06,217617,52284252,17421673,10827
K02000001,United Kingdom,overview,2023-01-05,217501,52283768,17402686,11318
K02000001,United Kingdom,overview,2023-01-04,217355,52283414,17380760,11627
K02000001,United Kingdom,overview,2023-01-03,217213,52282905,17370282,11629
K02000001,United Kingdom,overview,2023-01-02,217074,52282533,17355094,11740
K02000001,United Kingdom,overview,2023-01-01,216944,52282644,17343315,11703
K02000001,United Kingdom,overview,2022-12-31,216812,52282779,17343315,11584
K02000001,United Kingdom,overview,2022-12-30,216660,52282593,17318003,11722
K02000001,United Kingdom,overview,2022-12-29,216502,52282222,17300997,11670
K02000001,United Kingdom,overview,2022-12-28,216369,52281804,17289644,11538
K02000001,United Kingdom,overview,2022-12-27,216235,52281366,17289644,11306
K02000001,United Kingdom,overview,2022-12-26,216092,52281453,17285050,11160
K02000001,United Kingdom,overview,2022-12-25,215963,52281594,17278567,10923
K02000001,United Kingdom,overview,2022-12-24,215831,52281736,17278567,10998
K02000001,United Kingdom,overview,2022-12-23,215685,52281725,17249630,10984
K02000001,United Kingdom,overview,2022-12-22,215566,52281418,17230889,10849
K02000001,United Kingdom,overview,2022-12-21,215452,52281039,17214797,10491
K02000001,United Kingdom,overview,2022-12-20,215342,52280697,17194891,10144
K02000001,United Kingdom,overview,2022-12-19,215229,52280340,17174886,9756
K02000001,United Kingdom,overview,2022-12-18,215114,52280007,17159101,9319
K02000001,United Kingdom,overview,2022-12-17,215014,52279941,17159101,8976
K02000001,United Kingdom,overview,2022-12-16,214922,52279371,17140558,8717
K02000001,United Kingdom,overview,2022-12-15,214834,52279031,17139352,8448
K02000001,United Kingdom,overview,2022-12-14,214775,52278662,17128580,8155
K02000001,United Kingdom,overview,2022-12-13,214678,52278292,17107020,7759
K02000001,United Kingdom,overview,2022-12-12,214611,52277970,17090328,7503
K02000001,United Kingdom,overview,2022-12-11,214541,52277701,17074652,7351
K02000001,United Kingdom,overview,2022-12-10,214470,52277482,17074652,7183
K02000001,United Kingdom,overview,2022-12-09,214400,52276667,17054787,7018
K02000001,United Kingdom,overview,2022-12-08,214328,52276298,17039865,6831
K02000001,United Kingdom,overview,2022-12-07,214257,52275830,17026841,6672
K02000001,United Kingdom,overview,2022-12-06,214192,52275348,17017746,6507
K02000001,United Kingdom,overview,2022-12-05,214117,52274867,17000903,6390
K02000001,United Kingdom,overview,2022-12-04,214053,52274522,16982731,6230
K02000001,United Kingdom,overview,2022-12-03,214005,52274203,16982731,6093
K02000001,United Kingdom,overview,2022-12-02,213948,52273176,16961887,6105
K02000001,United Kingdom,overview,2022-12-01,213896,52272608,16961392,6067
K02000001,United Kingdom,overview,2022-11-30,213841,52272123,16956145,6024
K02000001,United Kingdom,overview,2022-11-29,213794,52271479,16959284,5861
K02000001,United Kingdom,overview,2022-11-28,213740,52270834,16930821,5801
K02000001,United Kingdom,overview,2022-11-27,213679,52270325,16918045,5650
K02000001,United Kingdom,overview,2022-11-26,213623,52269934,16918045,5579
K02000001,United Kingdom,overview,2022-11-25,213574,52268745,16914047,5656
K02000001,United Kingdom,overview,2022-11-24,213531,52268051,16905709,5733
K02000001,United Kingdom,overview,2022-11-23,213479,52267221,16885992,5655
K02000001,United Kingdom,overview,2022-11-22,213419,52266526,16880240,5720
K02000001,United Kingdom,overview,2022-11-21,213360,52265913,16871060,5746
K02000001,United Kingdom,overview,2022-11-20,213307,52265450,16852020,5763
K02000001,United Kingdom,overview,2022-11-19,213245,52265048,16852020,5749
K02000001,United Kingdom,overview,2022-11-18,213186,52263514,16839523,5834
K02000001,United Kingdom,overview,2022-11-17,213128,52262763,16825513,5935
K02000001,United Kingdom,overview,2022-11-16,213072,52261966,16805043,6127
K02000001,United Kingdom,overview,2022-11-15,213018,52261251,16792803,6289
K02000001,United Kingdom,overview,2022-11-14,212951,52260583,16777474,6433
K02000001,United Kingdom,overview,2022-11-13,212889,52259984,16761946,6421
K02000001,United Kingdom,overview,2022-11-12,212833,52259423,16761946,6425
K02000001,United Kingdom,overview,2022-11-11,212787,52257740,16740832,6536
K02000001,United Kingdom,overview,2022-11-10,212714,52257002,16719647,6722
K02000001,United Kingdom,overview,2022-11-09,212658,52256200,16703594,6847
K02000001,United Kingdom,overview,2022-11-08,212594,52255322,16686717,7077
K02000001,United Kingdom,overview,2022-11-07,212529,52254634,16662246,7256
K02000001,United Kingdom,overview,2022-11-06,212452,52253906,16648375,7466
K02000001,United Kingdom,overview,2022-11-05,212394,52253332,16648375,7633
K02000001,United Kingdom,overview,2022-11-04,212315,52251531,16629032,7927
K02000001,United Kingdom,overview,2022-11-03,212217,52250639,16616017,8256
K02000001,United Kingdom,overview,2022-11-02,212133,52249708,16599817,8612
K02000001,United Kingdom,overview,2022-11-01,212053,52248812,16583691,8998
K02000001,United Kingdom,overview,2022-10-31,211968,52247947,16567203,9511
K02000001,United Kingdom,overview,2022-10-30,211885,52247285,16548238,9730
K02000001,United Kingdom,overview,2022-10-29,211787,52246658,16548238,9827
K02000001,United Kingdom,overview,2022-10-28,211689,52244785,16529022,10230
K02000001,United Kingdom,overview,2022-10-27,211601,52243380,16512744,10439
K02000001,United Kingdom,overview,2022-10-26,211494,52242050,16502908,10749
K02000001,United Kingdom,overview,2022-10-25,211402,52240589,16498501,10978
K02000001,United Kingdom,overview,2022-10-24,211285,52239371,16480692,11340
K02000001,United Kingdom,overview,2022-10-23,211178,52238235,16461892,11406
K02000001,United Kingdom,overview,2022-10-22,211075,52237572,16461892,11426
K02000001,United Kingdom,overview,2022-10-21,210963,52235395,16447228,11594
K02000001,United Kingdom,overview,2022-10-20,210851,52234217,16432311,11772
K02000001,United Kingdom,overview,2022-10-19,210728,52232991,16415266,12041
K02000001,United Kingdom,overview,2022-10-18,210626,52231709,16397828,12273
K02000001,United Kingdom,overview,2022-10-17,210517,52230614,16383298,12393
K02000001,United Kingdom,overview,2022-10-16,210400,52229750,16361632,12294
K02000001,United Kingdom,overview,2022-10-15,210292,52228887,16361632,12191
K02000001,United Kingdom,overview,2022-10-14,210183,52226531,16341467,12079
K02000001,United Kingdom,overview,2022-10-13,210067,52225379,16321152,12229
K02000001,United Kingdom,overview,2022-10-12,209955,52224405,16302402,12314
K02000001,United Kingdom,overview,2022-10-11,209828,52223374,16289541,12179
K02000001,United Kingdom,overview,2022-10-10,209718,52222420,16276846,12071
K02000001,United Kingdom,overview,2022-10-09,209624,52221520,16258083,11813
K02000001,United Kingdom,overview,2022-10-08,209523,52220799,16258083,11630
K02000001,United Kingdom,overview,2022-10-07,209431,52218622,16239097,11635
K02000001,United Kingdom,overview,2022-10-06,209330,52217232,16224054,11460
K02000001,United Kingdom,overview,2022-10-05,209233,52216125,16207221,11142
K02000001,United Kingdom,overview,2022-10-04,209134,52214998,16194843,10770
K02000001,United Kingdom,overview,2022-10-03,209042,52214144,16183788,10268
K02000001,United Kingdom,overview,2022-10-02,208959,52213431,16173703,9749
K02000001,United Kingdom,overview,2022-10-01,208895,52212875,16173703,9407
K02000001,United Kingdom,overview,2022-09-30,208814,52211098,16165238,8975
K02000001,United Kingdom,overview,2022-09-29,208749,52210144,16143986,8559
K02000001,United Kingdom,overview,2022-09-28,208682,52208992,16129257,8289
K02000001,United Kingdom,overview,2022-09-27,208620,52208064,16114334,8033
K02000001,United Kingdom,overview,2022-09-26,208550,52207230,16105191,7676
K02000001,United Kingdom,overview,2022-09-25,208484,52206481,16091723,7222
K02000001,United Kingdom,overview,2022-09-24,208443,52205926,16091723,6950
K02000001,United Kingdom,overview,2022-09-23,208394,52204232,16080299,6735
K02000001,United Kingdom,overview,2022-09-22,208340,52203387,16067124,6480
K02000001,United Kingdom,overview,2022-09-21,208290,52202638,16029149,6199
K02000001,United Kingdom,overview,2022-09-20,208253,52201859,16024608,5906
K02000001,United Kingdom,overview,2022-09-19,208203,52201133,15987234,5751
K02000001,United Kingdom,overview,2022-09-18,208154,52201002,16004350,5585
K02000001,United Kingdom,overview,2022-09-17,208114,52200408,16004350,5487
K02000001,United Kingdom,overview,2022-09-16,208074,52198795,15996760,5591
K02000001,United Kingdom,overview,2022-09-15,208035,52197804,15985071,5625
K02000001,United Kingdom,overview,2022-09-14,207986,52197065,15968315,5596
K02000001,United Kingdom,overview,2022-09-13,207941,52196185,15947428,5677
K02000001,United Kingdom,overview,2022-09-12,207891,52195413,15910011,5725
K02000001,United Kingdom,overview,2022-09-11,207848,52194522,15936989,5784
K02000001,United Kingdom,overview,2022-09-10,207817,52194279,15923738,5752
K02000001,United Kingdom,overview,2022-09-09,207769,52193125,15923738,5915
K02000001,United Kingdom,overview,2022-09-08,207731,52192655,15909865,6022
K02000001,United Kingdom,overview,2022-09-07,207684,52192256,15902350,6078
K02000001,United Kingdom,overview,2022-09-06,207623,52191780,15895101,6257
K02000001,United Kingdom,overview,2022-09-05,207583,52191361,15892115,6363
K02000001,United Kingdom,overview,2022-09-04,207544,51951098,15876688,6359
K02000001,United Kingdom,overview,2022-09-03,207498,51950805,15864750,6322
K02000001,United Kingdom,overview,2022-09-02,207444,51949801,15864750,6497
K02000001,United Kingdom,overview,2022-09-01,207396,51948987,15853091,6733
K02000001,United Kingdom,overview,2022-08-31,207352,51948110,15840170,6828
K02000001,United Kingdom,overview,2022-08-30,207277,51946706,15836879,6930
K02000001,United Kingdom,overview,2022-08-29,207233,51945486,15825461,6930
K02000001,United Kingdom,overview,2022-08-28,207179,51945328,15820181,6871
K02000001,United Kingdom,overview,2022-08-27,207118,51944888,15795620,6947
K02000001,United Kingdom,overview,2022-08-26,207060,51943583,15795620,7005
K02000001,United Kingdom,overview,2022-08-25,207016,51942329,15785948,7500
K02000001,United Kingdom,overview,2022-08-24,206966,51941034,15774833,7572
K02000001,United Kingdom,overview,2022-08-23,206913,51939962,15765355,7753
K02000001,United Kingdom,overview,2022-08-22,206835,51938664,15753978,8218
K02000001,United Kingdom,overview,2022-08-21,206770,51937580,15748128,8116
K02000001,United Kingdom,overview,2022-08-20,206709,51936937,15748128,8190
K02000001,United Kingdom,overview,2022-08-19,206633,51935267,15740595,8516
K02000001,United Kingdom,overview,2022-08-18,206564,51934044,15732061,8913
K02000001,United Kingdom,overview,2022-08-17,206501,51932917,15724678,9048
K02000001,United Kingdom,overview,2022-08-16,206445,51931693,15714579,9433
K02000001,United Kingdom,overview,2022-08-15,206374,51930355,15705723,9724
K02000001,United Kingdom,overview,2022-08-14,206285,51929289,15696765,9750
K02000001,United Kingdom,overview,2022-08-13,206195,51928753,15687348,9601
K02000001,United Kingdom,overview,2022-08-12,206103,51927389,15687348,9665
K02000001,United Kingdom,overview,2022-08-11,205995,51926271,15677344,9938
K02000001,United Kingdom,overview,2022-08-10,205896,51925179,15670392,10120
K02000001,United Kingdom,overview,2022-08-09,205819,51923847,15668034,10271
K02000001,United Kingdom,overview,2022-08-08,205729,51922645,15661652,10604
K02000001,United Kingdom,overview,2022-08-07,205629,51921544,15656284,10510
K02000001,United Kingdom,overview,2022-08-06,205529,51920718,15643788,10566
K02000001,United Kingdom,overview,2022-08-05,205463,51918956,15643020,10973
K02000001,United Kingdom,overview,2022-08-04,205376,51917656,15638853,11411
K02000001,United Kingdom,overview,2022-08-03,205291,51916104,15623259,11796
K02000001,United Kingdom,overview,2022-08-02,205183,51914714,15616467,12203
K02000001,United Kingdom,overview,2022-08-01,205081,51913204,15602027,12502
K02000001,United Kingdom,overview,2022-07-31,204988,51911921,15598226,12540
K02000001,United Kingdom,overview,2022-07-30,204890,51910880,15587577,12670
K02000001,United Kingdom,overview,2022-07-29,204811,51908695,15587577,13366
K02000001,United Kingdom,overview,2022-07-28,204693,51907101,15582153,13716
K02000001,United Kingdom,overview,2022-07-27,204567,51905110,15572475,14262
K02000001,United Kingdom,overview,2022-07-26,204452,51903226,15559407,14556
K02000001,United Kingdom,overview,2022-07-25,204331,51901207,15550447,14981
K02000001,United Kingdom,overview,2022-07-24,204217,51899399,15542269,15044
K02000001,United Kingdom,overview,2022-07-23,204084,51898129,15532593,14966
K02000001,United Kingdom,overview,2022-07-22,203956,51895209,15532593,15796
K02000001,United Kingdom,overview,2022-07-21,203839,51893461,15525631,16051
K02000001,United Kingdom,overview,2022-07-20,203712,51891720,15514666,16254
K02000001,United Kingdom,overview,2022-07-19,203521,51890138,15504747,16558
K02000001,United Kingdom,overview,2022-07-18,203296,51889214,15498092,16747
K02000001,United Kingdom,overview,2022-07-17,203169,51888241,15489942,16602
K02000001,United Kingdom,overview,2022-07-16,203010,51887170,15485575,16500
K02000001,United Kingdom,overview,2022-07-15,202888,51883906,15485575,16831
K02000001,United Kingdom,overview,2022-07-14,202783,51882428,15482588,16704
K02000001,United Kingdom,overview,2022-07-13,202656,51880767,15474578,16602
K02000001,United Kingdom,overview,2022-07-12,202520,51879171,15467406,16470
K02000001,United Kingdom,overview,2022-07-11,202366,51877652,15458956,16065
K02000001,United Kingdom,overview,2022-07-10,202238,51876405,15448030,15590
K02000001,United Kingdom,overview,2022-07-09,202121,51874819,15439398,15091
K02000001,United Kingdom,overview,2022-07-08,202011,51871384,15439398,14908
K02000001,United Kingdom,overview,2022-07-07,201902,51869760,15431934,14482
K02000001,United Kingdom,overview,2022-07-06,201800,51868095,15423539,14086
K02000001,United Kingdom,overview,2022-07-05,201684,51866406,15417403,13588
K02000001,United Kingdom,overview,2022-07-04,201582,51864606,15405756,13111
K02000001,United Kingdom,overview,2022-07-03,201491,51863139,15399389,12330
K02000001,United Kingdom,overview,2022-07-02,201422,51861544,15399389,11932
K02000001,United Kingdom,overview,2022-07-01,201331,51857502,15391778,11627
K02000001,United Kingdom,overview,2022-06-30,201252,51855632,15385666,11087
K02000001,United Kingdom,overview,2022-06-29,201176,51853561,15374957,10686
K02000001,United Kingdom,overview,2022-06-28,201092,51851708,15366556,10123
K02000001,United Kingdom,overview,2022-06-27,201020,51849607,15359324,9784
K02000001,United Kingdom,overview,2022-06-26,200956,51847719,15353945,9315
K02000001,United Kingdom,overview,2022-06-25,200887,51845263,15345903,8743
K02000001,United Kingdom,overview,2022-06-24,200814,51839958,15337727,8450
K02000001,United Kingdom,overview,2022-06-23,200766,51837827,15327940,8028
K02000001,United Kingdom,overview,2022-06-22,200704,51835881,15319027,7759
K02000001,United Kingdom,overview,2022-06-21,200631,51833760,15308947,7467
K02000001,United Kingdom,overview,2022-06-20,200573,51831515,15302753,7167
K02000001,United Kingdom,overview,2022-06-19,200525,51829791,15297119,6805
K02000001,United Kingdom,overview,2022-06-18,200478,51828099,15289291,6509
K02000001,United Kingdom,overview,2022-06-17,200434,51823911,15281893,6320
K02000001,United Kingdom,overview,2022-06-16,200389,51822215,15271516,6238
K02000001,United Kingdom,overview,2022-06-15,200332,51820373,15260743,6054
K02000001,United Kingdom,overview,2022-06-14,200287,51818609,15248415,5871
K02000001,United Kingdom,overview,2022-06-13,200251,51816548,15241877,5752
K02000001,United Kingdom,overview,2022-06-12,200210,51814891,15232553,5485
K02000001,United Kingdom,overview,2022-06-11,200167,51812831,15224312,5314
K02000001,United Kingdom,overview,2022-06-10,200134,51807404,15215551,5310
K02000001,United Kingdom,overview,2022-06-09,200089,51805346,15204005,5112
K02000001,United Kingdom,overview,2022-06-08,200062,51803409,15192596,5109
K02000001,United Kingdom,overview,2022-06-07,200019,51801403,15180353,5122
K02000001,United Kingdom,overview,2022-06-06,199986,51799012,15172961,5102
K02000001,United Kingdom,overview,2022-06-05,199943,51797080,15164832,4912
K02000001,United Kingdom,overview,2022-06-04,199913,51796159,15160610,4765
K02000001,United Kingdom,overview,2022-06-03,199874,51793064,15159524,4805
K02000001,United Kingdom,overview,2022-06-02,199846,51792453,15148341,4797
K02000001,United Kingdom,overview,2022-06-01,199798,51791634,15139101,4775
K02000001,United Kingdom,overview,2022-05-31,199772,51787714,15128170,5021
K02000001,United Kingdom,overview,2022-05-30,199721,51783869,15121024,5060
K02000001,United Kingdom,overview,2022-05-29,199670,51780460,15112349,4979
K02000001,United Kingdom,overview,2022-05-28,199640,51778085,15104372,5030
K02000001,United Kingdom,overview,2022-05-27,199606,51772720,15093630,5224
K02000001,United Kingdom,overview,2022-05-26,199561,51770166,15082444,5474
K02000001,United Kingdom,overview,2022-05-25,199516,51767893,15069702,5603
K02000001,United Kingdom,overview,2022-05-24,199482,51765521,15056630,5746
K02000001,United Kingdom,overview,2022-05-23,199431,51762932,15048680,6124
K02000001,United Kingdom,overview,2022-05-22,199368,51760801,15040900,6137
K02000001,United Kingdom,overview,2022-05-21,199309,51758234,15030595,6190
K02000001,United Kingdom,overview,2022-05-20,199260,51751267,15020311,6407
K02000001,United Kingdom,overview,2022-05-19,199188,51747869,15007969,6618
K02000001,United Kingdom,overview,2022-05-18,199142,51744759,14995607,6763
K02000001,United Kingdom,overview,2022-05-17,199096,51741673,14982963,7136
K02000001,United Kingdom,overview,2022-05-16,199024,51738076,14975600,7468
K02000001,United Kingdom,overview,2022-05-15,198958,51735313,14968067,7646
K02000001,United Kingdom,overview,2022-05-14,198885,51731549,14957212,7662
K02000001,United Kingdom,overview,2022-05-13,198819,51722913,14946357,8000
K02000001,United Kingdom,overview,2022-05-12,198747,51719087,14934875,8301
K02000001,United Kingdom,overview,2022-05-11,198677,51715491,14923100,8752
K02000001,United Kingdom,overview,2022-05-10,198597,51712064,14909725,9140
K02000001,United Kingdom,overview,2022-05-09,198496,51708232,14900828,9449
K02000001,United Kingdom,overview,2022-05-08,198413,51705046,14893030,9525
K02000001,United Kingdom,overview,2022-05-07,198328,51701262,14883093,9584
K02000001,United Kingdom,overview,2022-05-06,198225,51691421,14873240,10090
K02000001,United Kingdom,overview,2022-05-05,198127,51686854,14860992,10604
K02000001,United Kingdom,overview,2022-05-04,198040,51682592,14847842,11094
K02000001,United Kingdom,overview,2022-05-03,197950,51677926,14837597,11428
K02000001,United Kingdom,overview,2022-05-02,197843,51673126,14807410,11535
K02000001,United Kingdom,overview,2022-05-01,197733,51670899,14794928,11536
K02000001,United Kingdom,overview,2022-04-30,197619,51666560,14785718,11754
K02000001,United Kingdom,overview,2022-04-29,197512,51655916,14774777,12287
K02000001,United Kingdom,overview,2022-04-28,197404,51650773,14762374,12851
K02000001,United Kingdom,overview,2022-04-27,197274,51645870,14747891,13471
K02000001,United Kingdom,overview,2022-04-26,197139,51640755,14733852,13906
K02000001,United Kingdom,overview,2022-04-25,197013,51635646,14667040,14588
K02000001,United Kingdom,overview,2022-04-24,196884,51630937,14654595,14773
K02000001,United Kingdom,overview,2022-04-23,196753,51624698,14641137,14889
K02000001,United Kingdom,overview,2022-04-22,196607,51611680,14627730,15704
K02000001,United Kingdom,overview,2022-04-21,196451,51603397,14611655,16230
K02000001,United Kingdom,overview,2022-04-20,196288,51594901,14594226,17156
K02000001,United Kingdom,overview,2022-04-19,196126,51586955,14580853,17685
K02000001,United Kingdom,overview,2022-04-18,195967,51578503,14544387,17238
K02000001,United Kingdom,overview,2022-04-17,195793,51575529,14544095,17336
K02000001,United Kingdom,overview,2022-04-16,195630,51573583,14533127,17501
K02000001,United Kingdom,overview,2022-04-15,195465,51564783,14521015,17569
K02000001,United Kingdom,overview,2022-04-14,195293,51559716,14507776,18248
K02000001,United Kingdom,overview,2022-04-13,195101,51549239,14491768,18750
K02000001,United Kingdom,overview,2022-04-12,194879,51538928,14474052,19490
K02000001,United Kingdom,overview,2022-04-11,194679,51529873,14465300,19785
K02000001,United Kingdom,overview,2022-04-10,194494,51521112,14455684,19348
K02000001,United Kingdom,overview,2022-04-09,194297,51513821,14443852,19209
K02000001,United Kingdom,overview,2022-04-08,194124,51501282,14434515,19786
K02000001,United Kingdom,overview,2022-04-07,193886,51494884,14422112,20049
K02000001,United Kingdom,overview,2022-04-06,193655,51489006,14408962,20128
K02000001,United Kingdom,overview,2022-04-05,193459,51482954,14396049,20089
K02000001,United Kingdom,overview,2022-04-04,193257,51476758,14353532,20080
K02000001,United Kingdom,overview,2022-04-03,193078,51470970,14343800,19616
K02000001,United Kingdom,overview,2022-04-02,192889,51466924,14331017,19263
K02000001,United Kingdom,overview,2022-04-01,192697,51459788,14317863,19605
K02000001,United Kingdom,overview,2022-03-31,192492,51455764,14297414,19258
K02000001,United Kingdom,overview,2022-03-30,192300,51451607,14280079,19200
K02000001,United Kingdom,overview,2022-03-29,192118,51447392,14260135,19052
K02000001,United Kingdom,overview,2022-03-28,191922,51443822,14204878,18807
K02000001,United Kingdom,overview,2022-03-27,191744,51440559,14191622,18037
K02000001,United Kingdom,overview,2022-03-26,191584,51437178,14176077,17321
K02000001,United Kingdom,overview,2022-03-25,191420,51430371,14161224,17384
K02000001,United Kingdom,overview,2022-03-24,191238,51425948,14141249,17119
K02000001,United Kingdom,overview,2022-03-23,191072,51421417,14123373,16652
K02000001,United Kingdom,overview,2022-03-22,190914,51416919,14093268,16409
K02000001,United Kingdom,overview,2022-03-21,190747,51412973,14048720,15980
K02000001,United Kingdom,overview,2022-03-20,190584,51408892,14034990,15189
K02000001,United Kingdom,overview,2022-03-19,190409,51405155,14012823,14738
K02000001,United Kingdom,overview,2022-03-18,190243,51398785,13998311,14667
K02000001,United Kingdom,overview,2022-03-17,190072,51393663,13981243,14404
K02000001,United Kingdom,overview,2022-03-16,189935,51389253,13956836,13965
K02000001,United Kingdom,overview,2022-03-15,189789,51384732,13923725,13783
K02000001,United Kingdom,overview,2022-03-14,189667,51380090,13871943,13268
K02000001,United Kingdom,overview,2022-03-13,189526,51376017,13857955,12515
K02000001,United Kingdom,overview,2022-03-12,189414,51372557,13830567,12161
K02000001,United Kingdom,overview,2022-03-11,189291,51365597,13814779,11857
K02000001,United Kingdom,overview,2022-03-10,189170,51360606,13804471,11675
K02000001,United Kingdom,overview,2022-03-09,189055,51355696,13786616,11469
K02000001,United Kingdom,overview,2022-03-08,188948,51350594,13771326,11367
K02000001,United Kingdom,overview,2022-03-07,188829,51345959,13729793,11043
K02000001,United Kingdom,overview,2022-03-06,188705,51341851,13717564,10565
K02000001,United Kingdom,overview,2022-03-05,188610,51338690,13704049,10417
K02000001,United Kingdom,overview,2022-03-04,188509,51332088,13692387,10422
K02000001,United Kingdom,overview,2022-03-03,188397,51326127,13679725,10220
K02000001,United Kingdom,overview,2022-03-02,188290,51320581,13662681,10366
K02000001,United Kingdom,overview,2022-03-01,188144,51315154,13642508,10448
K02000001,United Kingdom,overview,2022-02-28,188038,51309718,13593996,10479
K02000001,United Kingdom,overview,2022-02-27,187933,51304464,13582205,10232
K02000001,United Kingdom,overview,2022-02-26,187814,51300773,13567110,10077
K02000001,United Kingdom,overview,2022-02-25,187711,51292826,13550573,10350
K02000001,United Kingdom,overview,2022-02-24,187590,51286013,13535329,10472
K02000001,United Kingdom,overview,2022-02-23,187463,51279214,13519029,10757
K02000001,United Kingdom,overview,2022-02-22,187344,51271750,13495974,10805
K02000001,United Kingdom,overview,2022-02-21,187224,51264920,13480317,11071
K02000001,United Kingdom,overview,2022-02-20,187114,51258723,13466715,10886
K02000001,United Kingdom,overview,2022-02-19,186987,51254603,13453419,10977
K02000001,United Kingdom,overview,2022-02-18,186865,51245900,13438695,10961
K02000001,United Kingdom,overview,2022-02-17,186737,51240350,13415120,11323
K02000001,United Kingdom,overview,2022-02-16,186612,51231564,13383220,11485
K02000001,United Kingdom,overview,2022-02-15,186479,51223008,13356284,11818
K02000001,United Kingdom,overview,2022-02-14,186346,51214599,13331738,12039
K02000001,United Kingdom,overview,2022-02-13,186188,51207459,13319650,11810
K02000001,United Kingdom,overview,2022-02-12,186061,51201835,13300007,11757
K02000001,United Kingdom,overview,2022-02-11,185917,51189723,13281381,12108
K02000001,United Kingdom,overview,2022-02-10,185775,51179489,13258307,12531
K02000001,United Kingdom,overview,2022-02-09,185651,51169513,13239410,12936
K02000001,United Kingdom,overview,2022-02-08,185507,51159275,13173989,13360
K02000001,United Kingdom,overview,2022-02-07,185348,51149687,13160795,13603
K02000001,United Kingdom,overview,2022-02-06,185208,51140767,13097369,13416
K02000001,United Kingdom,overview,2022-02-05,185050,51134257,13080315,13528
K02000001,United Kingdom,overview,2022-02-04,184877,51121572,13064930,14021
K02000001,United Kingdom,overview,2022-02-03,184717,51110965,13048013,14459
K02000001,United Kingdom,overview,2022-02-02,184526,51099346,13028668,14648
K02000001,United Kingdom,overview,2022-02-01,184338,51088063,13008985,15056
K02000001,United Kingdom,overview,2022-01-31,184131,51076449,12996054,15514
K02000001,United Kingdom,overview,2022-01-30,183923,51065294,12980861,15163
K02000001,United Kingdom,overview,2022-01-29,183732,51054267,12964197,14885
K02000001,United Kingdom,overview,2022-01-28,183551,51036090,12952376,15759
K02000001,United Kingdom,overview,2022-01-27,183349,51019982,12878966,15983
K02000001,United Kingdom,overview,2022-01-26,183129,51004803,12861715,16327
K02000001,United Kingdom,overview,2022-01-25,182933,50990620,12846126,16397
K02000001,United Kingdom,overview,2022-01-24,182739,50977510,12832911,16993
K02000001,United Kingdom,overview,2022-01-23,182510,50965413,12820470,16721
K02000001,United Kingdom,overview,2022-01-22,182292,50954198,12802488,16745
K02000001,United Kingdom,overview,2022-01-21,182068,50934692,12777458,17391
K02000001,United Kingdom,overview,2022-01-20,181820,50917805,12763825,17824
K02000001,United Kingdom,overview,2022-01-19,181618,50901557,12739416,18327
K02000001,United Kingdom,overview,2022-01-18,181397,50885379,12714575,18833
K02000001,United Kingdom,overview,2022-01-17,181163,50868523,12652039,19267
K02000001,United Kingdom,overview,2022-01-16,180931,50853689,12637395,19036
K02000001,United Kingdom,overview,2022-01-15,180674,50836941,12610373,18913
K02000001,United Kingdom,overview,2022-01-14,180414,50810232,12584654,19165
K02000001,United Kingdom,overview,2022-01-13,180178,50790879,12553983,19368
K02000001,United Kingdom,overview,2022-01-12,179935,50772162,12528905,19529
K02000001,United Kingdom,overview,2022-01-11,179696,50753883,12499753,19561
K02000001,United Kingdom,overview,2022-01-10,179462,50736587,12475042,19656
K02000001,United Kingdom,overview,2022-01-09,179218,50720647,12392712,18843
K02000001,United Kingdom,overview,2022-01-08,178976,50699703,12362632,18417
K02000001,United Kingdom,overview,2022-01-07,178760,50668565,12346756,18492
K02000001,United Kingdom,overview,2022-01-06,178531,50646678,12334458,18311
K02000001,United Kingdom,overview,2022-01-05,178308,50623760,12324062,17842
K02000001,United Kingdom,overview,2022-01-04,178126,50599173,12320323,17136
K02000001,United Kingdom,overview,2022-01-03,177922,50575271,12258546,16134
K02000001,United Kingdom,overview,2022-01-02,177743,50556933,12256973,14961
K02000001,United Kingdom,overview,2022-01-01,177573,50545269,12237695,14340
K02000001,United Kingdom,overview,2021-12-31,177397,50543413,12227205,14026
K02000001,United Kingdom,overview,2021-12-30,177242,50529576,12211315,13003
K02000001,United Kingdom,overview,2021-12-29,177065,50497122,12196292,11820
K02000001,United Kingdom,overview,2021-12-28,176933,50464279,12192849,10769
K02000001,United Kingdom,overview,2021-12-27,176771,50440902,12188539,9621
K02000001,United Kingdom,overview,2021-12-26,176638,50423652,12187454,8615
K02000001,United Kingdom,overview,2021-12-25,176522,50422108,12179963,8210
K02000001,United Kingdom,overview,2021-12-24,176410,50421711,12162620,8419
K02000001,United Kingdom,overview,2021-12-23,176293,50412148,12152361,8180
K02000001,United Kingdom,overview,2021-12-22,176157,50381930,12138354,8150
K02000001,United Kingdom,overview,2021-12-21,176021,50345365,12133018,7924
K02000001,United Kingdom,overview,2021-12-20,175909,50309590,12088610,7720
K02000001,United Kingdom,overview,2021-12-19,175773,50274567,12066952,7474
K02000001,United Kingdom,overview,2021-12-18,175656,50240877,12052279,7323
K02000001,United Kingdom,overview,2021-12-17,175549,50202846,12043390,7381
K02000001,United Kingdom,overview,2021-12-16,175418,50172247,12030675,7505
K02000001,United Kingdom,overview,2021-12-15,175300,50140981,12017179,7488
K02000001,United Kingdom,overview,2021-12-14,175180,50113557,12008691,7576
K02000001,United Kingdom,overview,2021-12-13,175028,50088623,11970332,7573
K02000001,United Kingdom,overview,2021-12-12,174915,50067128,11949036,7358
K02000001,United Kingdom,overview,2021-12-11,174778,50044981,11932204,7239
K02000001,United Kingdom,overview,2021-12-10,174669,50020402,11917005,7280
K02000001,United Kingdom,overview,2021-12-09,174547,49999032,11896908,7321
K02000001,United Kingdom,overview,2021-12-08,174415,49977658,11874763,7248
K02000001,United Kingdom,overview,2021-12-07,174282,49958508,11853788,7225
K02000001,United Kingdom,overview,2021-12-06,174150,49939733,11800792,7234
K02000001,United Kingdom,overview,2021-12-05,174007,49922469,11771622,7129
K02000001,United Kingdom,overview,2021-12-04,173890,49904229,11757156,7033
K02000001,United Kingdom,overview,2021-12-03,173727,49877536,11701444,7178
K02000001,United Kingdom,overview,2021-12-02,173580,49856070,11682732,7260
K02000001,United Kingdom,overview,2021-12-01,173457,49834092,11676696,7194
K02000001,United Kingdom,overview,2021-11-30,173319,49811627,11673007,7520
K02000001,United Kingdom,overview,2021-11-29,173197,49787804,11619293,7503
K02000001,United Kingdom,overview,2021-11-28,173053,49768182,11598517,7276
K02000001,United Kingdom,overview,2021-11-27,172909,49750869,11572631,7252
K02000001,United Kingdom,overview,2021-11-26,172785,49726127,11554964,7402
K02000001,United Kingdom,overview,2021-11-25,172653,49705879,11535277,7496
K02000001,United Kingdom,overview,2021-11-24,172512,49683336,11516840,7487
K02000001,United Kingdom,overview,2021-11-23,172388,49661295,11507807,7731
K02000001,United Kingdom,overview,2021-11-22,172238,49638961,11453741,7945
K02000001,United Kingdom,overview,2021-11-21,172107,49618214,11441605,7847
K02000001,United Kingdom,overview,2021-11-20,171986,49603811,11415349,7754
K02000001,United Kingdom,overview,2021-11-19,171843,49579126,11402272,7870
K02000001,United Kingdom,overview,2021-11-18,171701,49553361,11386007,7911
K02000001,United Kingdom,overview,2021-11-17,171570,49524401,11371561,8002
K02000001,United Kingdom,overview,2021-11-16,171443,49492770,11361659,8237
K02000001,United Kingdom,overview,2021-11-15,171277,49462601,11335883,8514
K02000001,United Kingdom,overview,2021-11-14,171106,49430539,11323498,8344
K02000001,United Kingdom,overview,2021-11-13,170972,49411535,11308569,8256
K02000001,United Kingdom,overview,2021-11-12,170820,49379965,11293042,8397
K02000001,United Kingdom,overview,2021-11-11,170674,49345404,11276476,8498
K02000001,United Kingdom,overview,2021-11-10,170516,49308542,11253544,8641
K02000001,United Kingdom,overview,2021-11-09,170346,49272145,11240669,8713
K02000001,United Kingdom,overview,2021-11-08,170189,49232076,11227325,8769
K02000001,United Kingdom,overview,2021-11-07,170028,49195658,11216610,8616
K02000001,United Kingdom,overview,2021-11-06,169867,49174025,11198348,8592
K02000001,United Kingdom,overview,2021-11-05,169696,49140317,11185175,8834
K02000001,United Kingdom,overview,2021-11-04,169530,49097572,11163169,9049
K02000001,United Kingdom,overview,2021-11-03,169361,49052031,11139718,9197
K02000001,United Kingdom,overview,2021-11-02,169177,49006158,11104095,9409
K02000001,United Kingdom,overview,2021-11-01,169012,48960714,11086770,9423
K02000001,United Kingdom,overview,2021-10-31,168820,48919389,11074408,9179
K02000001,United Kingdom,overview,2021-10-30,168624,48893961,11060031,9025
K02000001,United Kingdom,overview,2021-10-29,168459,48859950,11038490,8986
K02000001,United Kingdom,overview,2021-10-28,168274,48823526,11007436,8900
K02000001,United Kingdom,overview,2021-10-27,168075,48782807,10981445,8827
K02000001,United Kingdom,overview,2021-10-26,167898,48742677,10949804,8714
K02000001,United Kingdom,overview,2021-10-25,167719,48706736,10942625,8595
K02000001,United Kingdom,overview,2021-10-24,167570,48675059,10920561,8277
K02000001,United Kingdom,overview,2021-10-23,167403,48654689,10909281,8121
K02000001,United Kingdom,overview,2021-10-22,167231,48623456,10899268,8123
K02000001,United Kingdom,overview,2021-10-21,167080,48579285,10883392,8132
K02000001,United Kingdom,overview,2021-10-20,166915,48531181,10864300,8035
K02000001,United Kingdom,overview,2021-10-19,166761,48480406,10846994,7788
K02000001,United Kingdom,overview,2021-10-18,166618,48433607,10760599,7636
K02000001,United Kingdom,overview,2021-10-17,166479,48387431,10732505,7267
K02000001,United Kingdom,overview,2021-10-16,166338,48371347,10732204,7002
K02000001,United Kingdom,overview,2021-10-15,166186,48345262,10732204,6969
K02000001,United Kingdom,overview,2021-10-14,166046,48297109,10715017,6965
K02000001,United Kingdom,overview,2021-10-13,165885,48246997,10697615,6910
K02000001,United Kingdom,overview,2021-10-12,165748,48197784,10680440,6910
K02000001,United Kingdom,overview,2021-10-11,165612,48147341,10667880,6890
K02000001,United Kingdom,overview,2021-10-10,165474,48103475,10656632,6746
K02000001,United Kingdom,overview,2021-10-09,165359,48080840,10656530,6583
K02000001,United Kingdom,overview,2021-10-08,165238,48049957,10643994,6647
K02000001,United Kingdom,overview,2021-10-07,165116,48005786,10627979,6650
K02000001,United Kingdom,overview,2021-10-06,164983,47959697,10611685,6700
K02000001,United Kingdom,overview,2021-10-05,164869,47913799,10584298,6723
K02000001,United Kingdom,overview,2021-10-04,164734,47867689,10571999,6646
K02000001,United Kingdom,overview,2021-10-03,164621,47827451,10570479,6451
K02000001,United Kingdom,overview,2021-10-02,164514,47804324,10555779,6300
K02000001,United Kingdom,overview,2021-10-01,164396,47774938,10541612,6444
K02000001,United Kingdom,overview,2021-09-30,164257,47736593,10540577,6600
K02000001,United Kingdom,overview,2021-09-29,164128,47696557,10522985,6750
K02000001,United Kingdom,overview,2021-09-28,163986,47659680,10506170,6855
K02000001,United Kingdom,overview,2021-09-27,163865,47624945,10469096,6872
K02000001,United Kingdom,overview,2021-09-26,163738,47596333,10456562,6638
K02000001,United Kingdom,overview,2021-09-25,163627,47580939,10435850,6775
K02000001,United Kingdom,overview,2021-09-24,163499,47557166,10417263,6733
K02000001,United Kingdom,overview,2021-09-23,163358,47528300,10380456,6982
K02000001,United Kingdom,overview,2021-09-22,163209,47501356,10356077,7221
K02000001,United Kingdom,overview,2021-09-21,163050,47478442,10343708,7423
K02000001,United Kingdom,overview,2021-09-20,162911,47459069,10279915,7606
K02000001,United Kingdom,overview,2021-09-19,162752,47439801,10270066,7548
K02000001,United Kingdom,overview,2021-09-18,162615,47426753,10262285,7500
K02000001,United Kingdom,overview,2021-09-17,162478,47400985,10238911,7713
K02000001,United Kingdom,overview,2021-09-16,162294,47381525,10209967,7923
K02000001,United Kingdom,overview,2021-09-15,162132,47360122,10190925,8202
K02000001,United Kingdom,overview,2021-09-14,161963,47338618,10157722,8202
K02000001,United Kingdom,overview,2021-09-13,161793,47318859,10130311,8278
K02000001,United Kingdom,overview,2021-09-12,161674,47301256,10114131,8064
K02000001,United Kingdom,overview,2021-09-11,161533,47286636,10102262,7962
K02000001,United Kingdom,overview,2021-09-10,161388,47258399,10087559,8134
K02000001,United Kingdom,overview,2021-09-09,161238,47233035,10085141,7962
K02000001,United Kingdom,overview,2021-09-08,161058,47208756,10070699,7943
K02000001,United Kingdom,overview,2021-09-07,160915,47185380,10054645,7781
K02000001,United Kingdom,overview,2021-09-06,160749,47163222,9998589,7844
K02000001,United Kingdom,overview,2021-09-05,160592,47142781,9985851,7556
K02000001,United Kingdom,overview,2021-09-04,160428,47122008,9978642,7359
K02000001,United Kingdom,overview,2021-09-03,160282,47081548,9965653,7480
K02000001,United Kingdom,overview,2021-09-02,160130,47046933,9953550,7423
K02000001,United Kingdom,overview,2021-09-01,159993,47008435,9943129,7482
K02000001,United Kingdom,overview,2021-08-31,159868,46969076,9933321,7489
K02000001,United Kingdom,overview,2021-08-30,159740,46931152,9883518,7144
K02000001,United Kingdom,overview,2021-08-29,159631,46912601,9869047,6921
K02000001,United Kingdom,overview,2021-08-28,159492,46889039,9855501,6797
K02000001,United Kingdom,overview,2021-08-27,159358,46846645,9845493,6903
K02000001,United Kingdom,overview,2021-08-26,159219,46804161,9835076,6848
K02000001,United Kingdom,overview,2021-08-25,159094,46751839,9829077,6813
K02000001,United Kingdom,overview,2021-08-24,158986,46692202,9815566,6774
K02000001,United Kingdom,overview,2021-08-23,158868,46636145,9763752,6842
K02000001,United Kingdom,overview,2021-08-22,158748,46591629,9746142,6562
K02000001,United Kingdom,overview,2021-08-21,158619,46548693,9734382,6350
K02000001,United Kingdom,overview,2021-08-20,158501,46473117,9730020,6332
K02000001,United Kingdom,overview,2021-08-19,158374,46412648,9712444,6319
K02000001,United Kingdom,overview,2021-08-18,158259,46357252,9703462,6279
K02000001,United Kingdom,overview,2021-08-17,158148,46311145,9687263,6216
K02000001,United Kingdom,overview,2021-08-16,158046,46270856,9641284,6193
K02000001,United Kingdom,overview,2021-08-15,157957,46236229,9631577,5862
K02000001,United Kingdom,overview,2021-08-14,157866,46204397,9618067,5709
K02000001,United Kingdom,overview,2021-08-13,157762,46154565,9605539,5812
K02000001,United Kingdom,overview,2021-08-12,157664,46116366,9591778,5779
K02000001,United Kingdom,overview,2021-08-11,157558,46073439,9578419,5817
K02000001,United Kingdom,overview,2021-08-10,157469,46031416,9562012,5836
K02000001,United Kingdom,overview,2021-08-09,157384,45995845,9550629,5841
K02000001,United Kingdom,overview,2021-08-08,157300,45969534,9507056,5690
K02000001,United Kingdom,overview,2021-08-07,157216,45944645,9494270,5549
K02000001,United Kingdom,overview,2021-08-06,157110,45903963,9481281,5613
K02000001,United Kingdom,overview,2021-08-05,157012,45872286,9466512,5643
K02000001,United Kingdom,overview,2021-08-04,156911,45840776,9451114,5697
K02000001,United Kingdom,overview,2021-08-03,156819,45810227,9437796,5902
K02000001,United Kingdom,overview,2021-08-02,156739,45782169,9396135,6114
K02000001,United Kingdom,overview,2021-08-01,156647,45757609,9384725,5893
K02000001,United Kingdom,overview,2021-07-31,156550,45735381,9371800,5876
K02000001,United Kingdom,overview,2021-07-30,156458,45694673,9358187,5940
K02000001,United Kingdom,overview,2021-07-29,156353,45659132,9344309,5903
K02000001,United Kingdom,overview,2021-07-28,156265,45619917,9328586,6019
K02000001,United Kingdom,overview,2021-07-27,156181,45582566,9311163,5993
K02000001,United Kingdom,overview,2021-07-26,156104,45548495,9258479,5896
K02000001,United Kingdom,overview,2021-07-25,156025,45517493,9248327,5536
K02000001,United Kingdom,overview,2021-07-24,155952,45492006,9235841,5270
K02000001,United Kingdom,overview,2021-07-23,155883,45446601,9223438,5202
K02000001,United Kingdom,overview,2021-07-22,155800,45405729,9173242,5001
K02000001,United Kingdom,overview,2021-07-21,155714,45363257,9158791,4830
K02000001,United Kingdom,overview,2021-07-20,155653,45320149,9142796,4637
K02000001,United Kingdom,overview,2021-07-19,155585,45281762,9132520,4557
K02000001,United Kingdom,overview,2021-07-18,155497,45247357,9123315,4250
K02000001,United Kingdom,overview,2021-07-17,155424,45211882,9110838,4139
K02000001,United Kingdom,overview,2021-07-16,155364,45142619,9097708,4063
K02000001,United Kingdom,overview,2021-07-15,155309,45084255,9081894,3949
K02000001,United Kingdom,overview,2021-07-14,155255,45021791,9065382,3776
K02000001,United Kingdom,overview,2021-07-13,155208,44962375,9044416,3598
K02000001,United Kingdom,overview,2021-07-12,155158,44906550,8995994,3389
K02000001,United Kingdom,overview,2021-07-11,155115,44858317,8902413,3118
K02000001,United Kingdom,overview,2021-07-10,155079,44816260,8877626,2975
K02000001,United Kingdom,overview,2021-07-09,155034,44719391,8858503,2886
K02000001,United Kingdom,overview,2021-07-08,154981,44628299,8849403,2713
K02000001,United Kingdom,overview,2021-07-07,154939,44531905,8821789,2627
K02000001,United Kingdom,overview,2021-07-06,154903,44443946,8798359,2438
K02000001,United Kingdom,overview,2021-07-05,154868,44360035,8748500,2316
K02000001,United Kingdom,overview,2021-07-04,154839,44285817,8731415,2131
K02000001,United Kingdom,overview,2021-07-03,154809,44208083,8710794,2016
K02000001,United Kingdom,overview,2021-07-02,154778,44067781,8690791,1975
K02000001,United Kingdom,overview,2021-07-01,154746,43947858,8669663,1910
K02000001,United Kingdom,overview,2021-06-30,154718,43809270,8649334,1801
K02000001,United Kingdom,overview,2021-06-29,154692,43671809,8626896,1727
K02000001,United Kingdom,overview,2021-06-28,154668,43535252,8577886,1725
K02000001,United Kingdom,overview,2021-06-27,154650,43412825,8560707,1588
K02000001,United Kingdom,overview,2021-06-26,154626,43274385,8545458,1532
K02000001,United Kingdom,overview,2021-06-25,154609,43033542,8528744,1526
K02000001,United Kingdom,overview,2021-06-24,154587,42831190,8513127,1505
K02000001,United Kingdom,overview,2021-06-23,154558,42613076,8497627,1485
K02000001,United Kingdom,overview,2021-06-22,154549,42414733,8491204,1534
K02000001,United Kingdom,overview,2021-06-21,154531,42229764,8460442,1514
K02000001,United Kingdom,overview,2021-06-20,154518,42084067,8452325,1381
K02000001,United Kingdom,overview,2021-06-19,154496,41920557,8436153,1347
K02000001,United Kingdom,overview,2021-06-18,154476,41631914,8416971,1361
K02000001,United Kingdom,overview,2021-06-17,154458,41406048,8397639,1319
K02000001,United Kingdom,overview,2021-06-16,154449,41162384,8384442,1254
K02000001,United Kingdom,overview,2021-06-15,154433,40963718,8368876,1229
K02000001,United Kingdom,overview,2021-06-14,154412,40784702,8320818,1179
K02000001,United Kingdom,overview,2021-06-13,154399,40655695,8312677,1138
K02000001,United Kingdom,overview,2021-06-12,154387,40504296,8299158,1102
K02000001,United Kingdom,overview,2021-06-11,154375,40239373,8281963,1074
K02000001,United Kingdom,overview,2021-06-10,154362,40032927,8271007,1091
K02000001,United Kingdom,overview,2021-06-09,154346,39828057,8253155,1060
K02000001,United Kingdom,overview,2021-06-08,154329,39648730,8230604,1052
K02000001,United Kingdom,overview,2021-06-07,154314,39514303,8198022,1029
K02000001,United Kingdom,overview,2021-06-06,154308,39405912,8184367,960
K02000001,United Kingdom,overview,2021-06-05,154295,39278688,8167086,933
K02000001,United Kingdom,overview,2021-06-04,154288,39066333,8146904,961
K02000001,United Kingdom,overview,2021-06-03,154274,38886149,8125683,933
K02000001,United Kingdom,overview,2021-06-02,154258,38692042,8102253,957
K02000001,United Kingdom,overview,2021-06-01,154246,38526281,8082596,923
K02000001,United Kingdom,overview,2021-05-31,154236,38423857,8033656,923
K02000001,United Kingdom,overview,2021-05-30,154225,38330217,8017036,901
K02000001,United Kingdom,overview,2021-05-29,154216,38205475,7995231,879
K02000001,United Kingdom,overview,2021-05-28,154204,38016497,7972089,879
K02000001,United Kingdom,overview,2021-05-27,154190,37806650,7945493,867
K02000001,United Kingdom,overview,2021-05-26,154182,37532825,7921534,890
K02000001,United Kingdom,overview,2021-05-25,154168,37292669,7892810,917
K02000001,United Kingdom,overview,2021-05-24,154157,37104367,7835984,955
K02000001,United Kingdom,overview,2021-05-23,154141,36989270,7812122,916
K02000001,United Kingdom,overview,2021-05-22,154125,36861533,7794045,879
K02000001,United Kingdom,overview,2021-05-21,154121,36645716,7775170,913
K02000001,United Kingdom,overview,2021-05-20,154103,36424391,7752299,903
K02000001,United Kingdom,overview,2021-05-19,154096,36156997,7726768,908
K02000001,United Kingdom,overview,2021-05-18,154092,35886639,7698195,888
K02000001,United Kingdom,overview,2021-05-17,154081,35703261,7634941,934
K02000001,United Kingdom,overview,2021-05-16,154068,35601940,7601452,932
K02000001,United Kingdom,overview,2021-05-15,154054,35468486,7564093,956
K02000001,United Kingdom,overview,2021-05-14,154039,35221537,7524356,965
K02000001,United Kingdom,overview,2021-05-13,154025,34995231,7478601,989
K02000001,United Kingdom,overview,2021-05-12,154010,34779048,7424732,1051
K02000001,United Kingdom,overview,2021-05-11,153995,34587657,7385162,1088
K02000001,United Kingdom,overview,2021-05-10,153974,34449783,7351811,1110
K02000001,United Kingdom,overview,2021-05-09,153966,34340333,7342824,1097
K02000001,United Kingdom,overview,2021-05-08,153955,34238253,7327267,1119
K02000001,United Kingdom,overview,2021-05-07,153935,34064357,7312643,1141
K02000001,United Kingdom,overview,2021-05-06,153917,33921896,7296126,1142
K02000001,United Kingdom,overview,2021-05-05,153900,33786663,7261225,1219
K02000001,United Kingdom,overview,2021-05-04,153878,33647571,7243277,1273
K02000001,United Kingdom,overview,2021-05-03,153863,33522280,7228911,1278
K02000001,United Kingdom,overview,2021-05-02,153846,33449711,7214960,1261
K02000001,United Kingdom,overview,2021-05-01,153827,33360218,7196839,1261
K02000001,United Kingdom,overview,2021-04-30,153811,33216647,7179764,1342
K02000001,United Kingdom,overview,2021-04-29,153795,33069759,7160054,1439
K02000001,United Kingdom,overview,2021-04-28,153778,32929019,7136350,1483
K02000001,United Kingdom,overview,2021-04-27,153757,32796561,7109086,1537
K02000001,United Kingdom,overview,2021-04-26,153732,32681880,7072020,1617
K02000001,United Kingdom,overview,2021-04-25,153711,32597037,7047515,1596
K02000001,United Kingdom,overview,2021-04-24,153684,32517681,7022945,1647
K02000001,United Kingdom,overview,2021-04-23,153660,32369917,6997599,1719
K02000001,United Kingdom,overview,2021-04-22,153631,32232980,6972105,1759
K02000001,United Kingdom,overview,2021-04-21,153598,32105077,6938159,1861
K02000001,United Kingdom,overview,2021-04-20,153562,31986962,6920869,1895
K02000001,United Kingdom,overview,2021-04-19,153527,31882013,6884009,1976
K02000001,United Kingdom,overview,2021-04-18,153504,31785758,6850532,1948
K02000001,United Kingdom,overview,2021-04-17,153473,31701908,6845147,2003
K02000001,United Kingdom,overview,2021-04-16,153430,31558345,6831965,2109
K02000001,United Kingdom,overview,2021-04-15,153398,31423037,6819775,2165
K02000001,United Kingdom,overview,2021-04-14,153355,31294552,6805174,2265
K02000001,United Kingdom,overview,2021-04-13,153320,31177203,6785039,2375
K02000001,United Kingdom,overview,2021-04-12,153273,31104926,6772671,2458
K02000001,United Kingdom,overview,2021-04-11,153235,31047128,6760059,2512
K02000001,United Kingdom,overview,2021-04-10,153194,30980882,6748585,2612
K02000001,United Kingdom,overview,2021-04-09,153151,30867987,6735072,2750
K02000001,United Kingdom,overview,2021-04-08,153113,30762391,6718893,2820
K02000001,United Kingdom,overview,2021-04-07,153051,30670447,6699382,2970
K02000001,United Kingdom,overview,2021-04-06,153005,30575442,6678294,3096
K02000001,United Kingdom,overview,2021-04-05,152960,30494759,6647627,3207
K02000001,United Kingdom,overview,2021-04-04,152915,30456318,6647068,3178
K02000001,United Kingdom,overview,2021-04-03,152862,30409262,6636021,3194
K02000001,United Kingdom,overview,2021-04-02,152820,30303811,6623118,3319
K02000001,United Kingdom,overview,2021-04-01,152770,30199206,6610400,3497
K02000001,United Kingdom,overview,2021-03-31,152707,30033124,6594173,3682
K02000001,United Kingdom,overview,2021-03-30,152633,29800471,6570711,3919
K02000001,United Kingdom,overview,2021-03-29,152577,29583547,6542860,4133
K02000001,United Kingdom,overview,2021-03-28,152506,29363171,6527839,4112
K02000001,United Kingdom,overview,2021-03-27,152456,29113242,6508244,4365
K02000001,United Kingdom,overview,2021-03-26,152391,28639645,6487152,4414
K02000001,United Kingdom,overview,2021-03-25,152316,28255380,6461598,4510
K02000001,United Kingdom,overview,2021-03-24,152237,27905803,6437508,4797
K02000001,United Kingdom,overview,2021-03-23,152167,27570099,6406937,5068
K02000001,United Kingdom,overview,2021-03-22,152072,27250500,6374527,5349
K02000001,United Kingdom,overview,2021-03-21,151964,26932194,6349252,5355
K02000001,United Kingdom,overview,2021-03-20,151837,26589586,6323450,5468
K02000001,United Kingdom,overview,2021-03-19,151736,25815698,6296232,5781
K02000001,United Kingdom,overview,2021-03-18,151632,25194230,6267273,6051
K02000001,United Kingdom,overview,2021-03-17,151532,24659625,6238795,6487
K02000001,United Kingdom,overview,2021-03-16,151405,24200149,6207756,6754
K02000001,United Kingdom,overview,2021-03-15,151291,23760996,6177419,7115
K02000001,United Kingdom,overview,2021-03-14,151152,23388063,6159088,7224
K02000001,United Kingdom,overview,2021-03-13,151014,23131778,6144214,7290
K02000001,United Kingdom,overview,2021-03-12,150879,22599799,6129763,7632
K02000001,United Kingdom,overview,2021-03-11,150744,22228156,6113344,7969
K02000001,United Kingdom,overview,2021-03-10,150571,22039801,6094997,8342
K02000001,United Kingdom,overview,2021-03-09,150408,21797080,6074036,8899
K02000001,United Kingdom,overview,2021-03-08,150223,21586431,6045655,9364
K02000001,United Kingdom,overview,2021-03-07,150026,21391997,6034090,9355
K02000001,United Kingdom,overview,2021-03-06,149829,21232782,6021159,9607
K02000001,United Kingdom,overview,2021-03-05,149619,20807695,6007566,10206
K02000001,United Kingdom,overview,2021-03-04,149397,20372016,5992164,10819
K02000001,United Kingdom,overview,2021-03-03,149163,19998436,5973827,11403
K02000001,United Kingdom,overview,2021-03-02,148945,19723017,5954330,12003
K02000001,United Kingdom,overview,2021-03-01,148701,19505040,5941229,12743
K02000001,United Kingdom,overview,2021-02-28,148404,20245742,5916737,12645
K02000001,United Kingdom,overview,2021-02-27,148123,17736517,5900705,13120
K02000001,United Kingdom,overview,2021-02-26,147815,17736517,5884457,13931
K02000001,United Kingdom,overview,2021-02-25,147511,17736517,5868020,14695
K02000001,United Kingdom,overview,2021-02-24,147156,17736517,5852504,15378
K02000001,United Kingdom,overview,2021-02-23,146789,17736517,5829546,15930
K02000001,United Kingdom,overview,2021-02-22,146408,17736517,5798040,16687
K02000001,United Kingdom,overview,2021-02-21,146029,17736517,5780767,16676
K02000001,United Kingdom,overview,2021-02-20,145618,15367629,5757230,16856
K02000001,United Kingdom,overview,2021-02-19,145166,15367629,5733276,17673
K02000001,United Kingdom,overview,2021-02-18,144697,15367629,5707185,18321
K02000001,United Kingdom,overview,2021-02-17,144176,15367629,5675881,19238
K02000001,United Kingdom,overview,2021-02-16,143670,15367629,5642513,20000
K02000001,United Kingdom,overview,2021-02-15,143102,15367629,5619334,20765
K02000001,United Kingdom,overview,2021-02-14,142487,15367629,5592750,20820
K02000001,United Kingdom,overview,2021-02-13,141882,12410318,5564209,20741
K02000001,United Kingdom,overview,2021-02-12,141296,12410318,5528455,22093
K02000001,United Kingdom,overview,2021-02-11,140660,12410318,5494422,23160
K02000001,United Kingdom,overview,2021-02-10,139984,12410318,5463204,24152
K02000001,United Kingdom,overview,2021-02-09,139272,12410318,5430916,25404
K02000001,United Kingdom,overview,2021-02-08,138549,12410318,5395430,26452
K02000001,United Kingdom,overview,2021-02-07,137768,12410318,5381564,26486
K02000001,United Kingdom,overview,2021-02-06,137015,9448950,5364173,26600
K02000001,United Kingdom,overview,2021-02-05,136228,9448950,5345335,28063
K02000001,United Kingdom,overview,2021-02-04,135354,9448950,5325171,29078
K02000001,United Kingdom,overview,2021-02-03,134528,9448950,5302061,30251
K02000001,United Kingdom,overview,2021-02-02,133552,9448950,5275120,31400
K02000001,United Kingdom,overview,2021-02-01,132589,9448950,5245177,32572
K02000001,United Kingdom,overview,2021-01-31,131582,9448950,5221899,32178
K02000001,United Kingdom,overview,2021-01-30,130587,6861879,5196440,32611
K02000001,United Kingdom,overview,2021-01-29,129561,6861879,5167919,33440
K02000001,United Kingdom,overview,2021-01-28,128401,6861879,5137782,34481
K02000001,United Kingdom,overview,2021-01-27,127177,6861879,5095852,35075
K02000001,United Kingdom,overview,2021-01-26,125945,6861879,5030341,36633
K02000001,United Kingdom,overview,2021-01-25,124772,6861879,4960201,37271
K02000001,United Kingdom,overview,2021-01-24,123509,6861879,4946901,37234
K02000001,United Kingdom,overview,2021-01-23,122270,4297431,4929176,36911
K02000001,United Kingdom,overview,2021-01-22,120982,4297431,4908727,37771
K02000001,United Kingdom,overview,2021-01-21,119647,4297431,4888150,37577
K02000001,United Kingdom,overview,2021-01-20,118297,4297431,4866501,38262
K02000001,United Kingdom,overview,2021-01-19,116914,4297431,4841514,38357
K02000001,United Kingdom,overview,2021-01-18,115424,4297431,4811185,38745
K02000001,United Kingdom,overview,2021-01-17,114023,4297431,4791267,37638
K02000001,United Kingdom,overview,2021-01-16,112662,2466087,4769675,37180
K02000001,United Kingdom,overview,2021-01-15,111243,2466087,4747145,37611
K02000001,United Kingdom,overview,2021-01-14,109919,2466087,4724460,37161
K02000001,United Kingdom,overview,2021-01-13,108578,2466087,4689919,36964
K02000001,United Kingdom,overview,2021-01-12,107269,2466087,4655403,36445
K02000001,United Kingdom,overview,2021-01-11,105949,2466087,4595158,36217
K02000001,United Kingdom,overview,2021-01-10,104705,2466087,4575760,34855
K02000001,United Kingdom,overview,2021-01-09,103532,1380430,4532068,33506
K02000001,United Kingdom,overview,2021-01-08,102438,1380430,4492777,33258
K02000001,United Kingdom,overview,2021-01-07,101386,1380430,4459779,32059
K02000001,United Kingdom,overview,2021-01-06,100330,1380430,4438753,31420
K02000001,United Kingdom,overview,2021-01-05,99316,1380430,4415937,30158
K02000001,United Kingdom,overview,2021-01-04,98343,1380430,4400824,30238
K02000001,United Kingdom,overview,2021-01-03,97447,1380430,4387304,28500
K02000001,United Kingdom,overview,2021-01-02,96640,1005073,4375496,27039
K02000001,United Kingdom,overview,2021-01-01,95807,1005073,4374324,25881
K02000001,United Kingdom,overview,2020-12-31,94998,1005073,4355485,26091
K02000001,United Kingdom,overview,2020-12-30,94174,1005073,4355395,26069
K02000001,United Kingdom,overview,2020-12-29,93414,1005073,4335604,25088
K02000001,United Kingdom,overview,2020-12-28,92701,1005073,4313641,23598
K02000001,United Kingdom,overview,2020-12-27,91978,1005073,4307543,22313
K02000001,United Kingdom,overview,2020-12-26,91260,675286,4307543,21306
K02000001,United Kingdom,overview,2020-12-25,90568,675286,4307543,20511
K02000001,United Kingdom,overview,2020-12-24,89913,675286,4307543,21171
K02000001,United Kingdom,overview,2020-12-23,89297,675286,4307471,20821
K02000001,United Kingdom,overview,2020-12-22,88668,675286,4289426,21085
K02000001,United Kingdom,overview,2020-12-21,88039,675286,4274464,20722
K02000001,United Kingdom,overview,2020-12-20,87437,675286,4254718,19595
K02000001,United Kingdom,overview,2020-12-19,86886,86465,4227256,19062
K02000001,United Kingdom,overview,2020-12-18,86338,86465,4216265,18718
K02000001,United Kingdom,overview,2020-12-17,85752,86465,4197422,18563
K02000001,United Kingdom,overview,2020-12-16,85185,86465,4186097,18254
K02000001,United Kingdom,overview,2020-12-15,84701,86465,4170116,17804
K02000001,United Kingdom,overview,2020-12-14,84194,86465,4150453,17850
K02000001,United Kingdom,overview,2020-12-13,83688,86465,4139108,17149
K02000001,United Kingdom,overview,2020-12-12,83208,,4124630,16524
K02000001,United Kingdom,overview,2020-12-11,82720,,4105501,16507
K02000001,United Kingdom,overview,2020-12-10,82229,,4084690,16330
K02000001,United Kingdom,overview,2020-12-09,81733,,4055715,15942
K02000001,United Kingdom,overview,2020-12-08,81285,,4039169,16079
K02000001,United Kingdom,overview,2020-12-07,80813,,4026071,16024
K02000001,United Kingdom,overview,2020-12-06,80347,,4015405,15557
K02000001,United Kingdom,overview,2020-12-05,79911,,3999531,15289
K02000001,United Kingdom,overview,2020-12-04,79504,,3979983,15330
K02000001,United Kingdom,overview,2020-12-03,79005,,3957569,15264
K02000001,United Kingdom,overview,2020-12-02,78501,,3932747,15581
K02000001,United Kingdom,overview,2020-12-01,78087,,3908628,15920
K02000001,United Kingdom,overview,2020-11-30,77662,,3880502,16175
K02000001,United Kingdom,overview,2020-11-29,77197,,3847012,15932
K02000001,United Kingdom,overview,2020-11-28,76696,,3820941,15614
K02000001,United Kingdom,overview,2020-11-27,76210,,3793778,16208
K02000001,United Kingdom,overview,2020-11-26,75750,,3764392,16401
K02000001,United Kingdom,overview,2020-11-25,75289,,3732812,16767
K02000001,United Kingdom,overview,2020-11-24,74790,,3702348,17063
K02000001,United Kingdom,overview,2020-11-23,74294,,3672080,17333
K02000001,United Kingdom,overview,2020-11-22,73786,,3644864,16921
K02000001,United Kingdom,overview,2020-11-21,73274,,3598405,16726
K02000001,United Kingdom,overview,2020-11-20,72776,,3559545,16857
K02000001,United Kingdom,overview,2020-11-19,72291,,3521107,17127
K02000001,United Kingdom,overview,2020-11-18,71806,,3481973,17155
K02000001,United Kingdom,overview,2020-11-17,71292,,3454361,17109
K02000001,United Kingdom,overview,2020-11-16,70826,,3438070,16975
K02000001,United Kingdom,overview,2020-11-15,70395,,3421131,16535
K02000001,United Kingdom,overview,2020-11-14,69938,,3401310,15976
K02000001,United Kingdom,overview,2020-11-13,69479,,3388199,15903
K02000001,United Kingdom,overview,2020-11-12,69029,,3369295,15538
K02000001,United Kingdom,overview,2020-11-11,68599,,3351281,15326
K02000001,United Kingdom,overview,2020-11-10,68190,,3324347,14622
K02000001,United Kingdom,overview,2020-11-09,67780,,3303342,14804
K02000001,United Kingdom,overview,2020-11-08,67287,,3284221,14211
K02000001,United Kingdom,overview,2020-11-07,66854,,3261646,13991
K02000001,United Kingdom,overview,2020-11-06,66437,,3239275,13642
K02000001,United Kingdom,overview,2020-11-05,66020,,3221416,13485
K02000001,United Kingdom,overview,2020-11-04,65632,,3193599,13521
K02000001,United Kingdom,overview,2020-11-03,65292,,3173627,13456
K02000001,United Kingdom,overview,2020-11-02,64915,,3148578,12815
K02000001,United Kingdom,overview,2020-11-01,64577,,3119573,11947
K02000001,United Kingdom,overview,2020-10-31,64218,,3080233,12031
K02000001,United Kingdom,overview,2020-10-30,63878,,3049166,11525
K02000001,United Kingdom,overview,2020-10-29,63526,,2998936,11321
K02000001,United Kingdom,overview,2020-10-28,63206,,2941370,11184
K02000001,United Kingdom,overview,2020-10-27,62925,,2886530,10678
K02000001,United Kingdom,overview,2020-10-26,62640,,2825802,9865
K02000001,United Kingdom,overview,2020-10-25,62358,,2785546,9538
K02000001,United Kingdom,overview,2020-10-24,62103,,2755658,9019
K02000001,United Kingdom,overview,2020-10-23,61884,,2719873,8653
K02000001,United Kingdom,overview,2020-10-22,61659,,2684163,8090
K02000001,United Kingdom,overview,2020-10-21,61417,,2656989,7925
K02000001,United Kingdom,overview,2020-10-20,61185,,2628204,7656
K02000001,United Kingdom,overview,2020-10-19,60975,,2597797,7136
K02000001,United Kingdom,overview,2020-10-18,60782,,2571145,6638
K02000001,United Kingdom,overview,2020-10-17,60615,,2545136,6362
K02000001,United Kingdom,overview,2020-10-16,60429,,2514297,6127
K02000001,United Kingdom,overview,2020-10-15,60267,,2489889,5775
K02000001,United Kingdom,overview,2020-10-14,60115,,2463488,5438
K02000001,United Kingdom,overview,2020-10-13,59992,,2440650,5145
K02000001,United Kingdom,overview,2020-10-12,59873,,2416341,4824
K02000001,United Kingdom,overview,2020-10-11,59753,,2396203,4545
K02000001,United Kingdom,overview,2020-10-10,59625,,2374886,4237
K02000001,United Kingdom,overview,2020-10-09,59518,,2350407,4062
K02000001,United Kingdom,overview,2020-10-08,59422,,2330151,3969
K02000001,United Kingdom,overview,2020-10-07,59325,,2315080,3781
K02000001,United Kingdom,overview,2020-10-06,59215,,2298137,3531
K02000001,United Kingdom,overview,2020-10-05,59131,,2273168,3260
K02000001,United Kingdom,overview,2020-10-04,59063,,2228265,2952
K02000001,United Kingdom,overview,2020-10-03,59000,,2201387,2770
K02000001,United Kingdom,overview,2020-10-02,58930,,2167568,2631
K02000001,United Kingdom,overview,2020-10-01,58856,,2146839,2494
K02000001,United Kingdom,overview,2020-09-30,58785,,2119667,2439
K02000001,United Kingdom,overview,2020-09-29,58724,,2097435,2330
K02000001,United Kingdom,overview,2020-09-28,58676,,2069380,2312
K02000001,United Kingdom,overview,2020-09-27,58621,,2039645,2109
K02000001,United Kingdom,overview,2020-09-26,58565,,2000261,1958
K02000001,United Kingdom,overview,2020-09-25,58518,,1977161,1951
K02000001,United Kingdom,overview,2020-09-24,58478,,1942940,1777
K02000001,United Kingdom,overview,2020-09-23,58444,,1919796,1665
K02000001,United Kingdom,overview,2020-09-22,58386,,1874884,1574
K02000001,United Kingdom,overview,2020-09-21,58347,,1848562,1497
K02000001,United Kingdom,overview,2020-09-20,58317,,1823474,1343
K02000001,United Kingdom,overview,2020-09-19,58277,,1797092,1248
K02000001,United Kingdom,overview,2020-09-18,58252,,1773818,1169
K02000001,United Kingdom,overview,2020-09-17,58222,,1744224,1110
K02000001,United Kingdom,overview,2020-09-16,58184,,1716776,1056
K02000001,United Kingdom,overview,2020-09-15,58153,,1674038,1013
K02000001,United Kingdom,overview,2020-09-14,58127,,1614732,928
K02000001,United Kingdom,overview,2020-09-13,58106,,1597993,788
K02000001,United Kingdom,overview,2020-09-12,58086,,1585263,760
K02000001,United Kingdom,overview,2020-09-11,58063,,1577503,721
K02000001,United Kingdom,overview,2020-09-10,58043,,1573199,900
K02000001,United Kingdom,overview,2020-09-09,58027,,1561193,880
K02000001,United Kingdom,overview,2020-09-08,58013,,1545280,850
K02000001,United Kingdom,overview,2020-09-07,57997,,1528706,861
K02000001,United Kingdom,overview,2020-09-06,57973,,1514218,775
K02000001,United Kingdom,overview,2020-09-05,57960,,1491995,770
K02000001,United Kingdom,overview,2020-09-04,57946,,1469333,777
K02000001,United Kingdom,overview,2020-09-03,57931,,1454433,773
K02000001,United Kingdom,overview,2020-09-02,57922,,1435488,759
K02000001,United Kingdom,overview,2020-09-01,57907,,1420117,814
K02000001,United Kingdom,overview,2020-08-31,57896,,1412783,810
K02000001,United Kingdom,overview,2020-08-30,57878,,1390823,790
K02000001,United Kingdom,overview,2020-08-29,57867,,1376388,794
K02000001,United Kingdom,overview,2020-08-28,57859,,1365761,781
K02000001,United Kingdom,overview,2020-08-27,57847,,1344120,805
K02000001,United Kingdom,overview,2020-08-26,57835,,1325901,798
K02000001,United Kingdom,overview,2020-08-25,57819,,1307665,809
K02000001,United Kingdom,overview,2020-08-24,57797,,1290005,840
K02000001,United Kingdom,overview,2020-08-23,57787,,1277621,834
K02000001,United Kingdom,overview,2020-08-22,57770,,1259104,907
K02000001,United Kingdom,overview,2020-08-21,57758,,1252229,852
K02000001,United Kingdom,overview,2020-08-20,57748,,1248659,877
K02000001,United Kingdom,overview,2020-08-19,57732,,1241960,896
K02000001,United Kingdom,overview,2020-08-18,57719,,1233280,927
K02000001,United Kingdom,overview,2020-08-17,57704,,1229070,960
K02000001,United Kingdom,overview,2020-08-16,57683,,1223414,961
K02000001,United Kingdom,overview,2020-08-15,57668,,1217454,956
K02000001,United Kingdom,overview,2020-08-14,57645,,1211862,977
K02000001,United Kingdom,overview,2020-08-13,57627,,1208366,989
K02000001,United Kingdom,overview,2020-08-12,57604,,1204077,986
K02000001,United Kingdom,overview,2020-08-11,57580,,1193507,1021
K02000001,United Kingdom,overview,2020-08-10,57560,,1180388,1070
K02000001,United Kingdom,overview,2020-08-09,57535,,1155667,965
K02000001,United Kingdom,overview,2020-08-08,57516,,1143845,1010
K02000001,United Kingdom,overview,2020-08-07,57494,,1127998,1078
K02000001,United Kingdom,overview,2020-08-06,57470,,1107641,1137
K02000001,United Kingdom,overview,2020-08-05,57449,,1086414,1184
K02000001,United Kingdom,overview,2020-08-04,57436,,1070469,1198
K02000001,United Kingdom,overview,2020-08-03,57409,,1053752,1234
K02000001,United Kingdom,overview,2020-08-02,57386,,1025371,1235
K02000001,United Kingdom,overview,2020-08-01,57369,,976217,1272
K02000001,United Kingdom,overview,2020-07-31,57349,,947756,1249
K02000001,United Kingdom,overview,2020-07-30,57318,,911431,1298
K02000001,United Kingdom,overview,2020-07-29,57301,,866653,1332
K02000001,United Kingdom,overview,2020-07-28,57273,,852180,1352
K02000001,United Kingdom,overview,2020-07-27,57247,,834973,1353
K02000001,United Kingdom,overview,2020-07-26,57229,,823198,1366
K02000001,United Kingdom,overview,2020-07-25,57197,,811877,1384
K02000001,United Kingdom,overview,2020-07-24,57174,,806075,1435
K02000001,United Kingdom,overview,2020-07-23,57155,,799211,1522
K02000001,United Kingdom,overview,2020-07-22,57119,,791069,1732
K02000001,United Kingdom,overview,2020-07-21,57085,,784327,1617
K02000001,United Kingdom,overview,2020-07-20,57054,,772994,1715
K02000001,United Kingdom,overview,2020-07-19,57023,,763062,1725
K02000001,United Kingdom,overview,2020-07-18,56999,,746386,1760
K02000001,United Kingdom,overview,2020-07-17,56968,,741636,1791
K02000001,United Kingdom,overview,2020-07-16,56934,,733823,1814
K02000001,United Kingdom,overview,2020-07-15,56913,,730849,1957
K02000001,United Kingdom,overview,2020-07-14,56872,,721934,1977
K02000001,United Kingdom,overview,2020-07-13,56830,,715742,2096
K02000001,United Kingdom,overview,2020-07-12,56785,,704340,2082
K02000001,United Kingdom,overview,2020-07-11,56753,,691595,2098
K02000001,United Kingdom,overview,2020-07-10,56715,,688947,2224
K02000001,United Kingdom,overview,2020-07-09,56671,,680827,2323
K02000001,United Kingdom,overview,2020-07-08,56610,,672594,2432
K02000001,United Kingdom,overview,2020-07-07,56563,,661928,2576
K02000001,United Kingdom,overview,2020-07-06,56520,,654359,2678
K02000001,United Kingdom,overview,2020-07-05,56466,,639186,2721
K02000001,United Kingdom,overview,2020-07-04,56414,,622187,2782
K02000001,United Kingdom,overview,2020-07-03,56362,,599542,2924
K02000001,United Kingdom,overview,2020-07-02,56314,,571707,3058
K02000001,United Kingdom,overview,2020-07-01,56253,,541918,3176
K02000001,United Kingdom,overview,2020-06-30,56199,,526804,3361
K02000001,United Kingdom,overview,2020-06-29,56118,,496544,3728
K02000001,United Kingdom,overview,2020-06-28,56049,,460799,3535
K02000001,United Kingdom,overview,2020-06-27,55978,,433568,3523
K02000001,United Kingdom,overview,2020-06-26,55905,,421653,3596
K02000001,United Kingdom,overview,2020-06-25,55826,,405828,3820
K02000001,United Kingdom,overview,2020-06-24,55718,,380263,4003
K02000001,United Kingdom,overview,2020-06-23,55617,,364102,4103
K02000001,United Kingdom,overview,2020-06-22,55520,,343330,4251
K02000001,United Kingdom,overview,2020-06-21,55437,,326398,4192
K02000001,United Kingdom,overview,2020-06-20,55357,,316888,4225
K02000001,United Kingdom,overview,2020-06-19,55270,,299907,4389
K02000001,United Kingdom,overview,2020-06-18,55182,,294718,4530
K02000001,United Kingdom,overview,2020-06-17,55092,,290338,4687
K02000001,United Kingdom,overview,2020-06-16,54987,,286653,4825
K02000001,United Kingdom,overview,2020-06-15,54867,,283075,4829
K02000001,United Kingdom,overview,2020-06-14,54760,,277732,4866
K02000001,United Kingdom,overview,2020-06-13,54624,,273907,4898
K02000001,United Kingdom,overview,2020-06-12,54523,,270879,5045
K02000001,United Kingdom,overview,2020-06-11,54388,,265948,5132
K02000001,United Kingdom,overview,2020-06-10,54267,,262008,5423
K02000001,United Kingdom,overview,2020-06-09,54101,,257330,5684
K02000001,United Kingdom,overview,2020-06-08,53964,,252981,5879
K02000001,United Kingdom,overview,2020-06-07,53803,,249283,5892
K02000001,United Kingdom,overview,2020-06-06,53640,,245645,6097
K02000001,United Kingdom,overview,2020-06-05,53489,,241346,6325
K02000001,United Kingdom,overview,2020-06-04,53305,,236014,6525
K02000001,United Kingdom,overview,2020-06-03,53122,,230134,6750
K02000001,United Kingdom,overview,2020-06-02,52919,,223750,7014
K02000001,United Kingdom,overview,2020-06-01,52686,,216847,7171
K02000001,United Kingdom,overview,2020-05-31,52487,,210396,7154
K02000001,United Kingdom,overview,2020-05-30,52292,,202450,7184
K02000001,United Kingdom,overview,2020-05-29,52073,,194930,7504
K02000001,United Kingdom,overview,2020-05-28,51819,,183928,7819
K02000001,United Kingdom,overview,2020-05-27,51531,,165828,8131
K02000001,United Kingdom,overview,2020-05-26,51249,,153141,8641
K02000001,United Kingdom,overview,2020-05-25,50949,,138807,8744
K02000001,United Kingdom,overview,2020-05-24,50670,,127256,8725
K02000001,United Kingdom,overview,2020-05-23,50389,,119467,8725
K02000001,United Kingdom,overview,2020-05-22,50105,,107057,9096
K02000001,United Kingdom,overview,2020-05-21,49805,,98974,9199
K02000001,United Kingdom,overview,2020-05-20,49463,,84453,9468
K02000001,United Kingdom,overview,2020-05-19,49110,,78037,9908
K02000001,United Kingdom,overview,2020-05-18,48738,,69564,10126
K02000001,United Kingdom,overview,2020-05-17,48331,,60060,10088
K02000001,United Kingdom,overview,2020-05-16,47954,,53209,10126
K02000001,United Kingdom,overview,2020-05-15,47535,,48118,10577
K02000001,United Kingdom,overview,2020-05-14,47114,,40182,10804
K02000001,United Kingdom,overview,2020-05-13,46649,,36611,11213
K02000001,United Kingdom,overview,2020-05-12,46195,,33852,11457
K02000001,United Kingdom,overview,2020-05-11,45754,,31361,11832
K02000001,United Kingdom,overview,2020-05-10,45326,,28117,11595
K02000001,United Kingdom,overview,2020-05-09,44832,,24716,11887
K02000001,United Kingdom,overview,2020-05-08,44293,,22100,11933
K02000001,United Kingdom,overview,2020-05-07,43724,,19044,12501
K02000001,United Kingdom,overview,2020-05-06,43093,,16873,13019
K02000001,United Kingdom,overview,2020-05-05,42466,,15389,13594
K02000001,United Kingdom,overview,2020-05-04,41824,,18513,13962
K02000001,United Kingdom,overview,2020-05-03,41148,,12136,14057
K02000001,United Kingdom,overview,2020-05-02,40486,,11522,14244
K02000001,United Kingdom,overview,2020-05-01,39781,,11522,14591
K02000001,United Kingdom,overview,2020-04-30,38995,,10771,15031
K02000001,United Kingdom,overview,2020-04-29,38215,,9699,15392
K02000001,United Kingdom,overview,2020-04-28,37398,,8549,15746
K02000001,United Kingdom,overview,2020-04-27,36597,,8307,16524
K02000001,United Kingdom,overview,2020-04-26,35731,,6473,16410
K02000001,United Kingdom,overview,2020-04-25,34837,,6473,16458
K02000001,United Kingdom,overview,2020-04-24,33918,,6473,16916
K02000001,United Kingdom,overview,2020-04-23,32913,,5938,17719
K02000001,United Kingdom,overview,2020-04-22,31875,,5430,18383
K02000001,United Kingdom,overview,2020-04-21,30773,,4943,18992
K02000001,United Kingdom,overview,2020-04-20,29688,,4892,19185
K02000001,United Kingdom,overview,2020-04-19,28528,,4287,19428
K02000001,United Kingdom,overview,2020-04-18,27406,,4287,19318
K02000001,United Kingdom,overview,2020-04-17,26217,,3910,19188
K02000001,United Kingdom,overview,2020-04-16,24945,,3602,20250
K02000001,United Kingdom,overview,2020-04-15,23623,,3180,20440
K02000001,United Kingdom,overview,2020-04-14,22347,,3004,21125
K02000001,United Kingdom,overview,2020-04-13,21093,,3001,21144
K02000001,United Kingdom,overview,2020-04-12,19861,,2586,21516
K02000001,United Kingdom,overview,2020-04-11,18483,,2399,21075
K02000001,United Kingdom,overview,2020-04-10,17118,,2049,21092
K02000001,United Kingdom,overview,2020-04-09,15799,,1695,20795
K02000001,United Kingdom,overview,2020-04-08,14424,,1422,20512
K02000001,United Kingdom,overview,2020-04-07,12963,,1422,20000
K02000001,United Kingdom,overview,2020-04-06,11670,,1418,19252
K02000001,United Kingdom,overview,2020-04-05,10500,,1327,18619
K02000001,United Kingdom,overview,2020-04-04,9280,,822,17269
K02000001,United Kingdom,overview,2020-04-03,8133,,641,15327
K02000001,United Kingdom,overview,2020-04-02,7072,,305,13650
K02000001,United Kingdom,overview,2020-04-01,6065,,139,13431
K02000001,United Kingdom,overview,2020-03-31,5141,,,
K02000001,United Kingdom,overview,2020-03-30,4310,,,
K02000001,United Kingdom,overview,2020-03-29,3599,,,
K02000001,United Kingdom,overview,2020-03-28,3013,,,
K02000001,United Kingdom,overview,2020-03-27,2497,,,
K02000001,United Kingdom,overview,2020-03-26,2034,,,
K02000001,United Kingdom,overview,2020-03-25,1621,,,
K02000001,United Kingdom,overview,2020-03-24,1284,,,
K02000001,United Kingdom,overview,2020-03-23,1021,,,
K02000001,United Kingdom,overview,2020-03-22,813,,,
K02000001,United Kingdom,overview,2020-03-21,630,,,
K02000001,United Kingdom,overview,2020-03-20,486,,,
K02000001,United Kingdom,overview,2020-03-19,368,,,
K02000001,United Kingdom,overview,2020-03-18,289,,,
K02000001,United Kingdom,overview,2020-03-17,216,,,
K02000001,United Kingdom,overview,2020-03-16,158,,,
K02000001,United Kingdom,overview,2020-03-15,107,,,
K02000001,United Kingdom,overview,2020-03-14,76,,,
K02000001,United Kingdom,overview,2020-03-13,55,,,
K02000001,United Kingdom,overview,2020-03-12,39,,,
K02000001,United Kingdom,overview,2020-03-11,26,,,
K02000001,United Kingdom,overview,2020-03-10,19,,,
K02000001,United Kingdom,overview,2020-03-09,16,,,
K02000001,United Kingdom,overview,2020-03-08,11,,,
K02000001,United Kingdom,overview,2020-03-07,9,,,
K02000001,United Kingdom,overview,2020-03-06,9,,,
K02000001,United Kingdom,overview,2020-03-05,7,,,
K02000001,United Kingdom,overview,2020-03-04,5,,,
K02000001,United Kingdom,overview,2020-03-03,4,,,
K02000001,United Kingdom,overview,2020-03-02,4,,,
K02000001,United Kingdom,overview,2020-03-01,3,,,
K02000001,United Kingdom,overview,2020-02-29,3,,,
K02000001,United Kingdom,overview,2020-02-28,3,,,
K02000001,United Kingdom,overview,2020-02-27,3,,,
K02000001,United Kingdom,overview,2020-02-26,3,,,
K02000001,United Kingdom,overview,2020-02-25,3,,,
K02000001,United Kingdom,overview,2020-02-24,3,,,
K02000001,United Kingdom,overview,2020-02-23,3,,,
K02000001,United Kingdom,overview,2020-02-22,3,,,
K02000001,United Kingdom,overview,2020-02-21,2,,,
K02000001,United Kingdom,overview,2020-02-20,2,,,
K02000001,United Kingdom,overview,2020-02-19,2,,,
K02000001,United Kingdom,overview,2020-02-18,2,,,
K02000001,United Kingdom,overview,2020-02-17,2,,,
K02000001,United Kingdom,overview,2020-02-16,2,,,
K02000001,United Kingdom,overview,2020-02-15,2,,,
K02000001,United Kingdom,overview,2020-02-14,2,,,
K02000001,United Kingdom,overview,2020-02-13,2,,,
K02000001,United Kingdom,overview,2020-02-12,2,,,
K02000001,United Kingdom,overview,2020-02-11,2,,,
K02000001,United Kingdom,overview,2020-02-10,2,,,
K02000001,United Kingdom,overview,2020-02-09,2,,,
K02000001,United Kingdom,overview,2020-02-08,2,,,
K02000001,United Kingdom,overview,2020-02-07,2,,,
K02000001,United Kingdom,overview,2020-02-06,2,,,
K02000001,United Kingdom,overview,2020-02-05,2,,,
K02000001,United Kingdom,overview,2020-02-04,2,,,
K02000001,United Kingdom,overview,2020-02-03,2,,,
K02000001,United Kingdom,overview,2020-02-02,2,,,
K02000001,United Kingdom,overview,2020-02-01,1,,,
K02000001,United Kingdom,overview,2020-01-31,1,,,
K02000001,United Kingdom,overview,2020-01-30,1,,,
