areaType,areaName,areaCode,date,uniqueCasePositivityBySpecimenDateRollingSum,uniquePeopleTestedBySpecimenDateRollingSum
nation,England,E92000001,2023-12-04,8.7,28259
nation,England,E92000001,2023-12-03,8.5,28578
nation,England,E92000001,2023-12-02,8.2,28687
nation,England,E92000001,2023-12-01,8.1,28794
nation,England,E92000001,2023-11-30,8.2,29065
nation,England,E92000001,2023-11-29,8.0,29391
nation,England,E92000001,2023-11-28,7.8,29249
nation,England,E92000001,2023-11-27,7.6,29115
nation,England,E92000001,2023-11-26,7.6,29182
nation,England,E92000001,2023-11-25,7.7,29294
nation,England,E92000001,2023-11-24,7.7,29135
nation,England,E92000001,2023-11-23,7.6,29006
nation,England,E92000001,2023-11-22,7.8,29007
nation,England,E92000001,2023-11-21,7.8,28983
nation,England,E92000001,2023-11-20,8.0,29023
nation,England,E92000001,2023-11-19,8.1,29356
nation,England,E92000001,2023-11-18,8.1,29275
nation,England,E92000001,2023-11-17,8.2,28850
nation,England,E92000001,2023-11-16,8.4,28926
nation,England,E92000001,2023-11-15,8.4,28839
nation,England,E92000001,2023-11-14,8.6,29086
nation,England,E92000001,2023-11-13,8.7,28778
nation,England,E92000001,2023-11-12,8.9,28856
nation,England,E92000001,2023-11-11,8.9,28746
nation,England,E92000001,2023-11-10,9.1,28395
nation,England,E92000001,2023-11-09,9.1,28350
nation,England,E92000001,2023-11-08,9.4,28487
nation,England,E92000001,2023-11-07,9.5,28213
nation,England,E92000001,2023-11-06,9.6,28451
nation,England,E92000001,2023-11-05,9.8,28838
nation,England,E92000001,2023-11-04,10.0,29103
nation,England,E92000001,2023-11-03,10.1,29432
nation,England,E92000001,2023-11-02,10.5,29353
nation,England,E92000001,2023-11-01,10.8,29333
nation,England,E92000001,2023-10-31,11.2,29629
nation,England,E92000001,2023-10-30,11.7,29670
nation,England,E92000001,2023-10-29,12.1,29601
nation,England,E92000001,2023-10-28,12.1,29325
nation,England,E92000001,2023-10-27,12.3,29207
nation,England,E92000001,2023-10-26,12.5,29161
nation,England,E92000001,2023-10-25,12.6,29277
nation,England,E92000001,2023-10-24,12.8,29528
nation,England,E92000001,2023-10-23,12.8,29784
nation,England,E92000001,2023-10-22,12.7,30050
nation,England,E92000001,2023-10-21,12.8,30012
nation,England,E92000001,2023-10-20,12.9,29805
nation,England,E92000001,2023-10-19,13.0,29687
nation,England,E92000001,2023-10-18,13.2,29539
nation,England,E92000001,2023-10-17,13.6,29519
nation,England,E92000001,2023-10-16,14.2,29393
nation,England,E92000001,2023-10-15,14.6,30019
nation,England,E92000001,2023-10-14,15.0,30421
nation,England,E92000001,2023-10-13,15.3,30280
nation,England,E92000001,2023-10-12,15.9,30452
nation,England,E92000001,2023-10-11,16.4,30353
nation,England,E92000001,2023-10-10,16.7,29571
nation,England,E92000001,2023-10-09,17.0,29171
nation,England,E92000001,2023-10-08,17.1,29227
nation,England,E92000001,2023-10-07,17.2,28877
nation,England,E92000001,2023-10-06,17.5,28509
nation,England,E92000001,2023-10-05,17.6,28145
nation,England,E92000001,2023-10-04,17.5,28126
nation,England,E92000001,2023-10-03,17.5,28307
nation,England,E92000001,2023-10-02,17.6,28096
nation,England,E92000001,2023-10-01,17.5,27827
nation,England,E92000001,2023-09-30,17.4,27628
nation,England,E92000001,2023-09-29,17.3,27053
nation,England,E92000001,2023-09-28,17.0,26481
nation,England,E92000001,2023-09-27,16.8,25851
nation,England,E92000001,2023-09-26,16.3,25474
nation,England,E92000001,2023-09-25,15.7,25062
nation,England,E92000001,2023-09-24,15.2,24919
nation,England,E92000001,2023-09-23,15.1,24482
nation,England,E92000001,2023-09-22,15.0,24233
nation,England,E92000001,2023-09-21,14.8,23878
nation,England,E92000001,2023-09-20,14.5,23751
nation,England,E92000001,2023-09-19,14.7,23273
nation,England,E92000001,2023-09-18,14.5,22905
nation,England,E92000001,2023-09-17,14.5,22850
nation,England,E92000001,2023-09-16,14.5,23091
nation,England,E92000001,2023-09-15,14.6,23136
nation,England,E92000001,2023-09-14,15.2,23408
nation,England,E92000001,2023-09-13,15.5,23574
nation,England,E92000001,2023-09-12,15.6,23784
nation,England,E92000001,2023-09-11,15.9,23801
nation,England,E92000001,2023-09-10,16.2,23845
nation,England,E92000001,2023-09-09,16.5,23502
nation,England,E92000001,2023-09-08,16.4,23254
nation,England,E92000001,2023-09-07,16.3,22887
nation,England,E92000001,2023-09-06,16.0,22541
nation,England,E92000001,2023-09-05,16.2,22084
nation,England,E92000001,2023-09-04,16.1,21620
nation,England,E92000001,2023-09-03,15.4,20790
nation,England,E92000001,2023-09-02,14.8,20685
nation,England,E92000001,2023-09-01,14.6,20299
nation,England,E92000001,2023-08-31,14.4,19964
nation,England,E92000001,2023-08-30,14.3,19653
nation,England,E92000001,2023-08-29,13.8,19738
nation,England,E92000001,2023-08-28,13.6,19767
nation,England,E92000001,2023-08-27,13.3,20822
nation,England,E92000001,2023-08-26,13.0,20771
nation,England,E92000001,2023-08-25,13.0,20632
nation,England,E92000001,2023-08-24,12.9,20871
nation,England,E92000001,2023-08-23,12.7,21009
nation,England,E92000001,2023-08-22,12.9,20813
nation,England,E92000001,2023-08-21,12.7,20548
nation,England,E92000001,2023-08-20,12.7,20201
nation,England,E92000001,2023-08-19,13.0,20254
nation,England,E92000001,2023-08-18,12.9,20439
nation,England,E92000001,2023-08-17,12.6,20201
nation,England,E92000001,2023-08-16,12.6,20115
nation,England,E92000001,2023-08-15,12.4,20199
nation,England,E92000001,2023-08-14,12.3,20490
nation,England,E92000001,2023-08-13,12.0,20662
nation,England,E92000001,2023-08-12,11.6,20607
nation,England,E92000001,2023-08-11,11.4,20481
nation,England,E92000001,2023-08-10,11.2,20632
nation,England,E92000001,2023-08-09,10.9,20461
nation,England,E92000001,2023-08-08,10.6,20373
nation,England,E92000001,2023-08-07,10.3,20127
nation,England,E92000001,2023-08-06,10.3,20206
nation,England,E92000001,2023-08-05,10.1,20269
nation,England,E92000001,2023-08-04,10.0,20132
nation,England,E92000001,2023-08-03,9.9,20016
nation,England,E92000001,2023-08-02,9.4,20208
nation,England,E92000001,2023-08-01,9.1,20096
nation,England,E92000001,2023-07-31,8.6,20075
nation,England,E92000001,2023-07-30,8.2,20333
nation,England,E92000001,2023-07-29,8.0,20297
nation,England,E92000001,2023-07-28,7.7,20065
nation,England,E92000001,2023-07-27,7.4,20030
nation,England,E92000001,2023-07-26,7.2,19715
nation,England,E92000001,2023-07-25,6.9,19612
nation,England,E92000001,2023-07-24,6.9,19268
nation,England,E92000001,2023-07-23,6.3,18975
nation,England,E92000001,2023-07-22,6.1,18843
nation,England,E92000001,2023-07-21,6.0,18708
nation,England,E92000001,2023-07-20,5.9,18446
nation,England,E92000001,2023-07-19,5.7,18321
nation,England,E92000001,2023-07-18,5.6,18169
nation,England,E92000001,2023-07-17,5.5,18729
nation,England,E92000001,2023-07-16,5.4,19285
nation,England,E92000001,2023-07-15,5.3,19443
nation,England,E92000001,2023-07-14,5.1,19705
nation,England,E92000001,2023-07-13,5.0,19968
nation,England,E92000001,2023-07-12,4.8,20031
nation,England,E92000001,2023-07-11,4.7,20192
nation,England,E92000001,2023-07-10,4.6,19854
nation,England,E92000001,2023-07-09,4.4,20006
nation,England,E92000001,2023-07-08,4.2,19987
nation,England,E92000001,2023-07-07,4.2,19709
nation,England,E92000001,2023-07-06,4.1,19737
nation,England,E92000001,2023-07-05,4.0,19731
nation,England,E92000001,2023-07-04,4.0,19754
nation,England,E92000001,2023-07-03,3.9,19992
nation,England,E92000001,2023-07-02,3.8,20085
nation,England,E92000001,2023-07-01,3.9,20064
nation,England,E92000001,2023-06-30,3.9,20228
nation,England,E92000001,2023-06-29,4.0,20306
nation,England,E92000001,2023-06-28,4.1,20616
nation,England,E92000001,2023-06-27,4.1,20809
nation,England,E92000001,2023-06-26,4.3,21355
nation,England,E92000001,2023-06-25,4.3,22181
nation,England,E92000001,2023-06-24,4.4,22583
nation,England,E92000001,2023-06-23,4.5,22688
nation,England,E92000001,2023-06-22,4.6,22556
nation,England,E92000001,2023-06-21,4.8,22655
nation,England,E92000001,2023-06-20,5.0,23246
nation,England,E92000001,2023-06-19,5.1,23401
nation,England,E92000001,2023-06-18,5.5,23928
nation,England,E92000001,2023-06-17,5.6,24332
nation,England,E92000001,2023-06-16,5.8,24461
nation,England,E92000001,2023-06-15,5.9,25242
nation,England,E92000001,2023-06-14,6.1,25803
nation,England,E92000001,2023-06-13,6.3,25748
nation,England,E92000001,2023-06-12,6.7,25775
nation,England,E92000001,2023-06-11,6.8,26104
nation,England,E92000001,2023-06-10,7.0,26256
nation,England,E92000001,2023-06-09,6.9,26559
nation,England,E92000001,2023-06-08,7.0,26654
nation,England,E92000001,2023-06-07,7.0,26701
nation,England,E92000001,2023-06-06,7.2,27126
nation,England,E92000001,2023-06-05,7.2,27710
nation,England,E92000001,2023-06-04,7.2,26933
nation,England,E92000001,2023-06-03,7.2,27033
nation,England,E92000001,2023-06-02,7.4,26993
nation,England,E92000001,2023-06-01,7.7,27032
nation,England,E92000001,2023-05-31,7.9,27458
nation,England,E92000001,2023-05-30,8.0,27328
nation,England,E92000001,2023-05-29,8.3,27282
nation,England,E92000001,2023-05-28,8.3,29115
nation,England,E92000001,2023-05-27,8.3,29614
nation,England,E92000001,2023-05-26,8.3,30209
nation,England,E92000001,2023-05-25,8.3,30737
nation,England,E92000001,2023-05-24,8.4,31008
nation,England,E92000001,2023-05-23,8.4,31473
nation,England,E92000001,2023-05-22,8.3,31888
nation,England,E92000001,2023-05-21,8.1,32345
nation,England,E92000001,2023-05-20,8.4,32487
nation,England,E92000001,2023-05-19,8.6,32306
nation,England,E92000001,2023-05-18,8.6,32507
nation,England,E92000001,2023-05-17,8.7,33305
nation,England,E92000001,2023-05-16,8.9,33907
nation,England,E92000001,2023-05-15,9.1,34748
nation,England,E92000001,2023-05-14,9.4,34437
nation,England,E92000001,2023-05-13,9.5,35048
nation,England,E92000001,2023-05-12,9.6,35157
nation,England,E92000001,2023-05-11,9.6,35701
nation,England,E92000001,2023-05-10,9.7,36021
nation,England,E92000001,2023-05-09,9.8,36575
nation,England,E92000001,2023-05-08,9.9,37238
nation,England,E92000001,2023-05-07,9.9,37741
nation,England,E92000001,2023-05-06,10.0,38122
nation,England,E92000001,2023-05-05,10.0,38387
nation,England,E92000001,2023-05-04,10.2,38758
nation,England,E92000001,2023-05-03,10.2,39275
nation,England,E92000001,2023-05-02,10.1,39750
nation,England,E92000001,2023-05-01,10.0,39973
nation,England,E92000001,2023-04-30,9.6,42474
nation,England,E92000001,2023-04-29,9.6,43129
nation,England,E92000001,2023-04-28,9.5,43973
nation,England,E92000001,2023-04-27,9.4,44571
nation,England,E92000001,2023-04-26,9.4,45071
nation,England,E92000001,2023-04-25,9.5,45471
nation,England,E92000001,2023-04-24,9.6,46093
nation,England,E92000001,2023-04-23,9.8,46812
nation,England,E92000001,2023-04-22,9.9,47112
nation,England,E92000001,2023-04-21,10.0,47018
nation,England,E92000001,2023-04-20,10.2,46798
nation,England,E92000001,2023-04-19,10.3,47036
nation,England,E92000001,2023-04-18,10.6,47321
nation,England,E92000001,2023-04-17,10.9,48414
nation,England,E92000001,2023-04-16,10.9,48421
nation,England,E92000001,2023-04-15,10.9,48779
nation,England,E92000001,2023-04-14,11.0,49304
nation,England,E92000001,2023-04-13,11.1,48547
nation,England,E92000001,2023-04-12,11.1,49610
nation,England,E92000001,2023-04-11,11.1,50749
nation,England,E92000001,2023-04-10,10.9,51718
nation,England,E92000001,2023-04-09,10.7,54811
nation,England,E92000001,2023-04-08,10.7,55938
nation,England,E92000001,2023-04-07,10.8,57133
nation,England,E92000001,2023-04-06,10.8,60166
nation,England,E92000001,2023-04-05,10.3,67126
nation,England,E92000001,2023-04-04,9.9,76653
nation,England,E92000001,2023-04-03,9.5,87124
nation,England,E92000001,2023-04-02,9.0,99142
nation,England,E92000001,2023-04-01,9.0,101292
nation,England,E92000001,2023-03-31,9.0,103768
nation,England,E92000001,2023-03-30,9.1,110772
nation,England,E92000001,2023-03-29,9.3,113239
nation,England,E92000001,2023-03-28,9.4,113888
nation,England,E92000001,2023-03-27,9.7,115833
nation,England,E92000001,2023-03-26,9.8,119102
nation,England,E92000001,2023-03-25,9.9,119736
nation,England,E92000001,2023-03-24,10.0,118639
nation,England,E92000001,2023-03-23,10.1,118115
nation,England,E92000001,2023-03-22,10.3,117881
nation,England,E92000001,2023-03-21,10.5,116381
nation,England,E92000001,2023-03-20,10.7,115044
nation,England,E92000001,2023-03-19,10.8,116154
nation,England,E92000001,2023-03-18,11.0,116668
nation,England,E92000001,2023-03-17,11.0,116844
nation,England,E92000001,2023-03-16,11.1,115448
nation,England,E92000001,2023-03-15,11.1,114228
nation,England,E92000001,2023-03-14,11.3,114716
nation,England,E92000001,2023-03-13,11.2,115828
nation,England,E92000001,2023-03-12,10.8,119391
nation,England,E92000001,2023-03-11,10.6,118779
nation,England,E92000001,2023-03-10,10.6,117854
nation,England,E92000001,2023-03-09,10.6,118548
nation,England,E92000001,2023-03-08,10.7,117796
nation,England,E92000001,2023-03-07,10.8,117253
nation,England,E92000001,2023-03-06,10.8,115997
nation,England,E92000001,2023-03-05,10.9,116547
nation,England,E92000001,2023-03-04,10.8,117114
nation,England,E92000001,2023-03-03,10.9,116354
nation,England,E92000001,2023-03-02,11.0,115522
nation,England,E92000001,2023-03-01,11.2,114565
nation,England,E92000001,2023-02-28,11.0,114282
nation,England,E92000001,2023-02-27,11.1,114186
nation,England,E92000001,2023-02-26,11.1,115822
nation,England,E92000001,2023-02-25,11.1,116492
nation,England,E92000001,2023-02-24,11.2,116660
nation,England,E92000001,2023-02-23,11.4,116558
nation,England,E92000001,2023-02-22,11.5,116374
nation,England,E92000001,2023-02-21,11.5,115454
nation,England,E92000001,2023-02-20,11.4,115066
nation,England,E92000001,2023-02-19,11.3,116744
nation,England,E92000001,2023-02-18,11.2,116745
nation,England,E92000001,2023-02-17,11.1,116285
nation,England,E92000001,2023-02-16,11.0,114795
nation,England,E92000001,2023-02-15,10.8,113074
nation,England,E92000001,2023-02-14,10.8,112193
nation,England,E92000001,2023-02-13,10.6,109938
nation,England,E92000001,2023-02-12,10.1,110732
nation,England,E92000001,2023-02-11,10.0,110475
nation,England,E92000001,2023-02-10,9.9,109841
nation,England,E92000001,2023-02-09,9.9,108763
nation,England,E92000001,2023-02-08,9.8,107975
nation,England,E92000001,2023-02-07,9.9,107140
nation,England,E92000001,2023-02-06,9.8,107062
nation,England,E92000001,2023-02-05,9.6,107480
nation,England,E92000001,2023-02-04,9.5,107766
nation,England,E92000001,2023-02-03,9.4,106882
nation,England,E92000001,2023-02-02,9.4,104325
nation,England,E92000001,2023-02-01,9.2,104020
nation,England,E92000001,2023-01-31,9.0,103331
nation,England,E92000001,2023-01-30,8.8,102694
nation,England,E92000001,2023-01-29,8.2,104490
nation,England,E92000001,2023-01-28,8.1,104497
nation,England,E92000001,2023-01-27,8.1,104417
nation,England,E92000001,2023-01-26,7.8,106185
nation,England,E92000001,2023-01-25,7.6,107523
nation,England,E92000001,2023-01-24,7.4,107501
nation,England,E92000001,2023-01-23,7.1,109733
nation,England,E92000001,2023-01-22,6.9,114727
nation,England,E92000001,2023-01-21,6.9,116060
nation,England,E92000001,2023-01-20,6.8,116797
nation,England,E92000001,2023-01-19,6.8,120356
nation,England,E92000001,2023-01-18,6.9,122106
nation,England,E92000001,2023-01-17,6.9,124705
nation,England,E92000001,2023-01-16,7.1,127919
nation,England,E92000001,2023-01-15,7.3,132896
nation,England,E92000001,2023-01-14,7.4,134362
nation,England,E92000001,2023-01-13,7.6,136143
nation,England,E92000001,2023-01-12,8.1,137487
nation,England,E92000001,2023-01-11,8.5,140368
nation,England,E92000001,2023-01-10,8.9,147278
nation,England,E92000001,2023-01-09,9.3,155604
nation,England,E92000001,2023-01-08,9.6,151370
nation,England,E92000001,2023-01-07,9.6,151687
nation,England,E92000001,2023-01-06,9.9,151389
nation,England,E92000001,2023-01-05,10.3,151517
nation,England,E92000001,2023-01-04,10.8,155619
nation,England,E92000001,2023-01-03,11.4,158624
nation,England,E92000001,2023-01-02,11.6,150772
nation,England,E92000001,2023-01-01,11.6,148548
nation,England,E92000001,2022-12-31,11.7,146556
nation,England,E92000001,2022-12-30,11.7,144609
nation,England,E92000001,2022-12-29,11.7,141714
nation,England,E92000001,2022-12-28,11.6,136211
nation,England,E92000001,2022-12-27,11.4,131957
nation,England,E92000001,2022-12-26,11.5,141425
nation,England,E92000001,2022-12-25,11.7,157658
nation,England,E92000001,2022-12-24,11.7,160863
nation,England,E92000001,2022-12-23,11.8,161390
nation,England,E92000001,2022-12-22,12.0,162235
nation,England,E92000001,2022-12-21,11.8,159655
nation,England,E92000001,2022-12-20,11.5,154431
nation,England,E92000001,2022-12-19,11.0,150411
nation,England,E92000001,2022-12-18,10.4,147873
nation,England,E92000001,2022-12-17,10.2,146306
nation,England,E92000001,2022-12-16,10.0,144333
nation,England,E92000001,2022-12-15,9.4,140613
nation,England,E92000001,2022-12-14,9.3,137273
nation,England,E92000001,2022-12-13,9.3,133835
nation,England,E92000001,2022-12-12,9.1,128586
nation,England,E92000001,2022-12-11,8.6,127014
nation,England,E92000001,2022-12-10,8.5,126569
nation,England,E92000001,2022-12-09,8.4,125053
nation,England,E92000001,2022-12-08,8.4,123378
nation,England,E92000001,2022-12-07,8.1,121230
nation,England,E92000001,2022-12-06,7.9,118184
nation,England,E92000001,2022-12-05,7.7,117036
nation,England,E92000001,2022-12-04,7.5,117556
nation,England,E92000001,2022-12-03,7.5,117103
nation,England,E92000001,2022-12-02,7.5,115884
nation,England,E92000001,2022-12-01,7.3,113667
nation,England,E92000001,2022-11-30,7.2,113278
nation,England,E92000001,2022-11-29,7.2,112277
nation,England,E92000001,2022-11-28,7.0,110729
nation,England,E92000001,2022-11-27,6.8,109854
nation,England,E92000001,2022-11-26,6.7,109589
nation,England,E92000001,2022-11-25,6.6,109825
nation,England,E92000001,2022-11-24,6.6,110112
nation,England,E92000001,2022-11-23,6.6,110059
nation,England,E92000001,2022-11-22,6.5,109864
nation,England,E92000001,2022-11-21,6.4,111557
nation,England,E92000001,2022-11-20,6.1,115848
nation,England,E92000001,2022-11-19,6.0,116554
nation,England,E92000001,2022-11-18,6.1,116361
nation,England,E92000001,2022-11-17,6.1,116173
nation,England,E92000001,2022-11-16,6.0,117385
nation,England,E92000001,2022-11-15,6.1,118592
nation,England,E92000001,2022-11-14,6.2,119048
nation,England,E92000001,2022-11-13,6.2,121964
nation,England,E92000001,2022-11-12,6.2,122477
nation,England,E92000001,2022-11-11,6.2,122526
nation,England,E92000001,2022-11-10,6.2,123203
nation,England,E92000001,2022-11-09,6.2,125418
nation,England,E92000001,2022-11-08,6.3,127389
nation,England,E92000001,2022-11-07,6.4,129458
nation,England,E92000001,2022-11-06,6.4,133648
nation,England,E92000001,2022-11-05,6.5,133994
nation,England,E92000001,2022-11-04,6.7,134573
nation,England,E92000001,2022-11-03,6.8,137074
nation,England,E92000001,2022-11-02,7.1,139064
nation,England,E92000001,2022-11-01,7.4,139791
nation,England,E92000001,2022-10-31,7.6,141179
nation,England,E92000001,2022-10-30,7.6,147600
nation,England,E92000001,2022-10-29,7.8,149542
nation,England,E92000001,2022-10-28,7.9,151772
nation,England,E92000001,2022-10-27,8.1,156692
nation,England,E92000001,2022-10-26,8.1,160483
nation,England,E92000001,2022-10-25,8.1,165128
nation,England,E92000001,2022-10-24,8.3,171158
nation,England,E92000001,2022-10-23,8.5,179379
nation,England,E92000001,2022-10-22,8.6,181932
nation,England,E92000001,2022-10-21,8.6,184339
nation,England,E92000001,2022-10-20,8.6,186238
nation,England,E92000001,2022-10-19,8.9,184613
nation,England,E92000001,2022-10-18,9.1,182598
nation,England,E92000001,2022-10-17,9.4,179962
nation,England,E92000001,2022-10-16,9.4,179355
nation,England,E92000001,2022-10-15,9.4,177797
nation,England,E92000001,2022-10-14,9.6,174612
nation,England,E92000001,2022-10-13,9.9,170734
nation,England,E92000001,2022-10-12,10.2,169453
nation,England,E92000001,2022-10-11,10.5,167305
nation,England,E92000001,2022-10-10,10.7,166019
nation,England,E92000001,2022-10-09,10.8,165638
nation,England,E92000001,2022-10-08,11.0,165567
nation,England,E92000001,2022-10-07,10.9,164529
nation,England,E92000001,2022-10-06,10.8,161954
nation,England,E92000001,2022-10-05,10.7,159441
nation,England,E92000001,2022-10-04,10.6,156639
nation,England,E92000001,2022-10-03,10.4,152408
nation,England,E92000001,2022-10-02,9.9,151231
nation,England,E92000001,2022-10-01,9.6,150953
nation,England,E92000001,2022-09-30,9.4,151324
nation,England,E92000001,2022-09-29,9.2,152075
nation,England,E92000001,2022-09-28,8.9,152897
nation,England,E92000001,2022-09-27,8.6,152500
nation,England,E92000001,2022-09-26,8.3,154174
nation,England,E92000001,2022-09-25,7.8,149610
nation,England,E92000001,2022-09-24,7.4,150021
nation,England,E92000001,2022-09-23,7.1,150122
nation,England,E92000001,2022-09-22,6.7,146899
nation,England,E92000001,2022-09-21,6.4,142775
nation,England,E92000001,2022-09-20,5.9,142452
nation,England,E92000001,2022-09-19,5.5,141801
nation,England,E92000001,2022-09-18,5.3,151229
nation,England,E92000001,2022-09-17,5.2,152846
nation,England,E92000001,2022-09-16,5.1,154984
nation,England,E92000001,2022-09-15,5.0,157284
nation,England,E92000001,2022-09-14,4.9,156863
nation,England,E92000001,2022-09-13,4.9,154847
nation,England,E92000001,2022-09-12,4.9,156439
nation,England,E92000001,2022-09-11,4.8,161078
nation,England,E92000001,2022-09-10,4.7,164696
nation,England,E92000001,2022-09-09,4.7,167458
nation,England,E92000001,2022-09-08,4.7,170537
nation,England,E92000001,2022-09-07,4.7,175899
nation,England,E92000001,2022-09-06,4.5,184847
nation,England,E92000001,2022-09-05,4.4,194831
nation,England,E92000001,2022-09-04,4.2,194169
nation,England,E92000001,2022-09-03,4.1,197296
nation,England,E92000001,2022-09-02,4.1,199959
nation,England,E92000001,2022-09-01,4.0,203107
nation,England,E92000001,2022-08-31,3.9,207363
nation,England,E92000001,2022-08-30,3.9,211495
nation,England,E92000001,2022-08-29,4.0,213728
nation,England,E92000001,2022-08-28,4.0,227214
nation,England,E92000001,2022-08-27,4.1,229097
nation,England,E92000001,2022-08-26,4.2,228004
nation,England,E92000001,2022-08-25,4.3,229688
nation,England,E92000001,2022-08-24,4.4,230422
nation,England,E92000001,2022-08-23,4.5,231495
nation,England,E92000001,2022-08-22,4.6,231214
nation,England,E92000001,2022-08-21,4.6,235217
nation,England,E92000001,2022-08-20,4.7,236751
nation,England,E92000001,2022-08-19,4.8,237934
nation,England,E92000001,2022-08-18,4.9,240624
nation,England,E92000001,2022-08-17,5.1,245263
nation,England,E92000001,2022-08-16,5.2,247947
nation,England,E92000001,2022-08-15,5.4,250808
nation,England,E92000001,2022-08-14,5.5,257411
nation,England,E92000001,2022-08-13,5.6,258660
nation,England,E92000001,2022-08-12,5.6,259214
nation,England,E92000001,2022-08-11,5.7,261239
nation,England,E92000001,2022-08-10,5.8,262600
nation,England,E92000001,2022-08-09,5.9,265874
nation,England,E92000001,2022-08-08,5.8,276065
nation,England,E92000001,2022-08-07,5.9,282249
nation,England,E92000001,2022-08-06,6.0,282197
nation,England,E92000001,2022-08-05,6.1,285534
nation,England,E92000001,2022-08-04,6.2,289577
nation,England,E92000001,2022-08-03,6.4,294366
nation,England,E92000001,2022-08-02,6.5,299353
nation,England,E92000001,2022-08-01,6.7,301515
nation,England,E92000001,2022-07-31,6.8,313847
nation,England,E92000001,2022-07-30,6.8,317611
nation,England,E92000001,2022-07-29,7.0,318030
nation,England,E92000001,2022-07-28,7.3,319534
nation,England,E92000001,2022-07-27,7.6,319298
nation,England,E92000001,2022-07-26,7.9,320010
nation,England,E92000001,2022-07-25,8.3,318021
nation,England,E92000001,2022-07-24,8.5,318727
nation,England,E92000001,2022-07-23,8.6,323006
nation,England,E92000001,2022-07-22,8.8,322901
nation,England,E92000001,2022-07-21,8.9,327071
nation,England,E92000001,2022-07-20,9.1,331114
nation,England,E92000001,2022-07-19,9.2,338366
nation,England,E92000001,2022-07-18,9.3,346252
nation,England,E92000001,2022-07-17,9.5,356880
nation,England,E92000001,2022-07-16,9.6,356405
nation,England,E92000001,2022-07-15,9.7,354721
nation,England,E92000001,2022-07-14,10.0,349399
nation,England,E92000001,2022-07-13,10.3,346209
nation,England,E92000001,2022-07-12,10.5,338636
nation,England,E92000001,2022-07-11,10.6,334932
nation,England,E92000001,2022-07-10,10.5,335419
nation,England,E92000001,2022-07-09,10.4,336060
nation,England,E92000001,2022-07-08,10.4,337248
nation,England,E92000001,2022-07-07,10.2,337421
nation,England,E92000001,2022-07-06,10.1,331909
nation,England,E92000001,2022-07-05,9.9,328875
nation,England,E92000001,2022-07-04,9.6,328110
nation,England,E92000001,2022-07-03,9.2,329907
nation,England,E92000001,2022-07-02,8.9,330375
nation,England,E92000001,2022-07-01,8.7,329719
nation,England,E92000001,2022-06-30,8.6,323512
nation,England,E92000001,2022-06-29,8.4,319777
nation,England,E92000001,2022-06-28,8.2,317458
nation,England,E92000001,2022-06-27,8.0,308908
nation,England,E92000001,2022-06-26,7.7,306912
nation,England,E92000001,2022-06-25,7.5,306432
nation,England,E92000001,2022-06-24,7.3,303510
nation,England,E92000001,2022-06-23,7.0,301463
nation,England,E92000001,2022-06-22,6.7,298353
nation,England,E92000001,2022-06-21,6.4,296368
nation,England,E92000001,2022-06-20,6.1,296368
nation,England,E92000001,2022-06-19,5.8,298847
nation,England,E92000001,2022-06-18,5.6,301192
nation,England,E92000001,2022-06-17,5.4,306598
nation,England,E92000001,2022-06-16,5.1,312843
nation,England,E92000001,2022-06-15,5.0,318243
nation,England,E92000001,2022-06-14,4.8,321263
nation,England,E92000001,2022-06-13,4.6,327619
nation,England,E92000001,2022-06-12,4.3,335244
nation,England,E92000001,2022-06-11,4.2,340285
nation,England,E92000001,2022-06-10,4.1,341867
nation,England,E92000001,2022-06-09,3.9,331920
nation,England,E92000001,2022-06-08,3.7,319186
nation,England,E92000001,2022-06-07,3.5,317405
nation,England,E92000001,2022-06-06,3.3,312489
nation,England,E92000001,2022-06-05,3.1,311171
nation,England,E92000001,2022-06-04,3.0,310890
nation,England,E92000001,2022-06-03,2.9,313956
nation,England,E92000001,2022-06-02,2.8,328786
nation,England,E92000001,2022-06-01,2.7,346654
nation,England,E92000001,2022-05-31,2.6,355716
nation,England,E92000001,2022-05-30,2.6,365732
nation,England,E92000001,2022-05-29,2.5,374994
nation,England,E92000001,2022-05-28,2.5,378424
nation,England,E92000001,2022-05-27,2.6,377852
nation,England,E92000001,2022-05-26,2.6,377676
nation,England,E92000001,2022-05-25,2.8,374762
nation,England,E92000001,2022-05-24,2.9,369775
nation,England,E92000001,2022-05-23,3.1,366613
nation,England,E92000001,2022-05-22,3.2,372235
nation,England,E92000001,2022-05-21,3.2,373094
nation,England,E92000001,2022-05-20,3.4,366568
nation,England,E92000001,2022-05-19,3.4,366988
nation,England,E92000001,2022-05-18,3.5,368483
nation,England,E92000001,2022-05-17,3.5,373935
nation,England,E92000001,2022-05-16,3.5,381505
nation,England,E92000001,2022-05-15,3.5,390018
nation,England,E92000001,2022-05-14,3.6,394458
nation,England,E92000001,2022-05-13,3.6,401317
nation,England,E92000001,2022-05-12,3.7,406547
nation,England,E92000001,2022-05-11,3.8,412831
nation,England,E92000001,2022-05-10,3.9,420355
nation,England,E92000001,2022-05-09,4.0,436042
nation,England,E92000001,2022-05-08,4.0,425659
nation,England,E92000001,2022-05-07,4.1,425041
nation,England,E92000001,2022-05-06,4.2,424530
nation,England,E92000001,2022-05-05,4.3,420943
nation,England,E92000001,2022-05-04,4.4,425235
nation,England,E92000001,2022-05-03,4.5,429457
nation,England,E92000001,2022-05-02,4.6,429223
nation,England,E92000001,2022-05-01,4.8,461197
nation,England,E92000001,2022-04-30,4.9,465078
nation,England,E92000001,2022-04-29,5.1,468524
nation,England,E92000001,2022-04-28,5.3,478053
nation,England,E92000001,2022-04-27,5.6,482016
nation,England,E92000001,2022-04-26,5.9,490295
nation,England,E92000001,2022-04-25,6.2,505016
nation,England,E92000001,2022-04-24,6.5,489734
nation,England,E92000001,2022-04-23,6.6,487283
nation,England,E92000001,2022-04-22,6.8,485994
nation,England,E92000001,2022-04-21,7.2,463348
nation,England,E92000001,2022-04-20,7.5,469300
nation,England,E92000001,2022-04-19,7.8,470184
nation,England,E92000001,2022-04-18,8.1,467449
nation,England,E92000001,2022-04-17,8.3,506578
nation,England,E92000001,2022-04-16,8.5,518140
nation,England,E92000001,2022-04-15,8.6,528726
nation,England,E92000001,2022-04-14,8.6,565428
nation,England,E92000001,2022-04-13,8.8,580434
nation,England,E92000001,2022-04-12,9.0,601056
nation,England,E92000001,2022-04-11,9.2,628951
nation,England,E92000001,2022-04-10,9.6,661951
nation,England,E92000001,2022-04-09,9.7,673357
nation,England,E92000001,2022-04-08,10.2,686101
nation,England,E92000001,2022-04-07,11.5,720059
nation,England,E92000001,2022-04-06,12.7,757188
nation,England,E92000001,2022-04-05,14.9,828525
nation,England,E92000001,2022-04-04,16.7,899982
nation,England,E92000001,2022-04-03,18.6,986781
nation,England,E92000001,2022-04-02,19.6,1007629
nation,England,E92000001,2022-04-01,20.6,1031400
nation,England,E92000001,2022-03-31,21.5,1056217
nation,England,E92000001,2022-03-30,22.2,1076493
nation,England,E92000001,2022-03-29,22.6,1082146
nation,England,E92000001,2022-03-28,22.9,1093532
nation,England,E92000001,2022-03-27,22.9,1111220
nation,England,E92000001,2022-03-26,23.0,1119357
nation,England,E92000001,2022-03-25,23.0,1117554
nation,England,E92000001,2022-03-24,22.9,1116484
nation,England,E92000001,2022-03-23,23.0,1131463
nation,England,E92000001,2022-03-22,22.6,1128875
nation,England,E92000001,2022-03-21,22.2,1118451
nation,England,E92000001,2022-03-20,21.5,1119310
nation,England,E92000001,2022-03-19,21.3,1119313
nation,England,E92000001,2022-03-18,21.1,1115237
nation,England,E92000001,2022-03-17,20.8,1098881
nation,England,E92000001,2022-03-16,20.4,1077508
nation,England,E92000001,2022-03-15,20.0,1052288
nation,England,E92000001,2022-03-14,19.3,1028015
nation,England,E92000001,2022-03-13,18.3,1000326
nation,England,E92000001,2022-03-12,17.7,987986
nation,England,E92000001,2022-03-11,17.0,974066
nation,England,E92000001,2022-03-10,16.4,956682
nation,England,E92000001,2022-03-09,15.5,939655
nation,England,E92000001,2022-03-08,14.6,926554
nation,England,E92000001,2022-03-07,13.8,919170
nation,England,E92000001,2022-03-06,12.8,920496
nation,England,E92000001,2022-03-05,12.3,919472
nation,England,E92000001,2022-03-04,11.8,917943
nation,England,E92000001,2022-03-03,11.2,915585
nation,England,E92000001,2022-03-02,10.7,916929
nation,England,E92000001,2022-03-01,10.4,921575
nation,England,E92000001,2022-02-28,10.2,932185
nation,England,E92000001,2022-02-27,10.1,958215
nation,England,E92000001,2022-02-26,10.2,974380
nation,England,E92000001,2022-02-25,10.6,996444
nation,England,E92000001,2022-02-24,10.5,999908
nation,England,E92000001,2022-02-23,10.8,1041176
nation,England,E92000001,2022-02-22,10.9,1091397
nation,England,E92000001,2022-02-21,10.8,1146960
nation,England,E92000001,2022-02-20,10.6,1220312
nation,England,E92000001,2022-02-19,10.6,1240524
nation,England,E92000001,2022-02-18,10.4,1269463
nation,England,E92000001,2022-02-17,10.5,1364111
nation,England,E92000001,2022-02-16,10.3,1442968
nation,England,E92000001,2022-02-15,10.4,1522906
nation,England,E92000001,2022-02-14,10.5,1612362
nation,England,E92000001,2022-02-13,10.7,1716069
nation,England,E92000001,2022-02-12,10.9,1763822
nation,England,E92000001,2022-02-11,11.2,1787079
nation,England,E92000001,2022-02-10,11.7,1803976
nation,England,E92000001,2022-02-09,12.3,1824045
nation,England,E92000001,2022-02-08,12.7,1848271
nation,England,E92000001,2022-02-07,13.2,1876181
nation,England,E92000001,2022-02-06,13.5,1921717
nation,England,E92000001,2022-02-05,13.9,1938460
nation,England,E92000001,2022-02-04,14.3,1949618
nation,England,E92000001,2022-02-03,14.7,1956624
nation,England,E92000001,2022-02-02,15.0,1978040
nation,England,E92000001,2022-02-01,15.4,1991229
nation,England,E92000001,2022-01-31,15.8,2008331
nation,England,E92000001,2022-01-30,15.9,2051655
nation,England,E92000001,2022-01-29,16.2,2056574
nation,England,E92000001,2022-01-28,16.4,2058758
nation,England,E92000001,2022-01-27,16.5,2072610
nation,England,E92000001,2022-01-26,16.5,2081752
nation,England,E92000001,2022-01-25,16.6,2095705
nation,England,E92000001,2022-01-24,16.7,2118227
nation,England,E92000001,2022-01-23,16.6,2162612
nation,England,E92000001,2022-01-22,16.6,2172433
nation,England,E92000001,2022-01-21,16.7,2174369
nation,England,E92000001,2022-01-20,16.9,2177463
nation,England,E92000001,2022-01-19,17.1,2195549
nation,England,E92000001,2022-01-18,17.5,2214520
nation,England,E92000001,2022-01-17,18.1,2277697
nation,England,E92000001,2022-01-16,19.0,2394168
nation,England,E92000001,2022-01-15,19.8,2460577
nation,England,E92000001,2022-01-14,20.7,2545976
nation,England,E92000001,2022-01-13,22.0,2669200
nation,England,E92000001,2022-01-12,23.8,2894308
nation,England,E92000001,2022-01-11,25.6,3158528
nation,England,E92000001,2022-01-10,27.7,3503145
nation,England,E92000001,2022-01-09,28.7,3638894
nation,England,E92000001,2022-01-08,29.6,3782318
nation,England,E92000001,2022-01-07,29.9,3771695
nation,England,E92000001,2022-01-06,30.9,3777900
nation,England,E92000001,2022-01-05,31.5,3782295
nation,England,E92000001,2022-01-04,32.2,3795004
nation,England,E92000001,2022-01-03,31.8,3556733
nation,England,E92000001,2022-01-02,31.6,3463070
nation,England,E92000001,2022-01-01,31.2,3328457
nation,England,E92000001,2021-12-31,31.3,3191054
nation,England,E92000001,2021-12-30,31.0,3130011
nation,England,E92000001,2021-12-29,29.7,3105627
nation,England,E92000001,2021-12-28,27.7,3039585
nation,England,E92000001,2021-12-27,25.7,3171075
nation,England,E92000001,2021-12-26,23.2,3364712
nation,England,E92000001,2021-12-25,22.2,3471228
nation,England,E92000001,2021-12-24,21.5,3722074
nation,England,E92000001,2021-12-23,20.0,3825544
nation,England,E92000001,2021-12-22,18.8,3828308
nation,England,E92000001,2021-12-21,18.0,3806018
nation,England,E92000001,2021-12-20,17.0,3770269
nation,England,E92000001,2021-12-19,15.9,3749737
nation,England,E92000001,2021-12-18,15.2,3698850
nation,England,E92000001,2021-12-17,14.6,3612949
nation,England,E92000001,2021-12-16,13.8,3514436
nation,England,E92000001,2021-12-15,12.9,3411778
nation,England,E92000001,2021-12-14,11.8,3305460
nation,England,E92000001,2021-12-13,10.9,3232509
nation,England,E92000001,2021-12-12,10.3,3203406
nation,England,E92000001,2021-12-11,10.1,3172696
nation,England,E92000001,2021-12-10,10.0,3142879
nation,England,E92000001,2021-12-09,9.9,3116710
nation,England,E92000001,2021-12-08,9.8,3094040
nation,England,E92000001,2021-12-07,9.7,3100629
nation,England,E92000001,2021-12-06,9.6,3119115
nation,England,E92000001,2021-12-05,9.5,3108210
nation,England,E92000001,2021-12-04,9.5,3096484
nation,England,E92000001,2021-12-03,9.5,3047167
nation,England,E92000001,2021-12-02,9.5,2978988
nation,England,E92000001,2021-12-01,9.5,2916294
nation,England,E92000001,2021-11-30,9.5,2842027
nation,England,E92000001,2021-11-29,9.5,2772389
nation,England,E92000001,2021-11-28,9.4,2739350
nation,England,E92000001,2021-11-27,9.4,2722953
nation,England,E92000001,2021-11-26,9.5,2725744
nation,England,E92000001,2021-11-25,9.5,2703343
nation,England,E92000001,2021-11-24,9.6,2683525
nation,England,E92000001,2021-11-23,9.6,2654372
nation,England,E92000001,2021-11-22,9.6,2635726
nation,England,E92000001,2021-11-21,9.5,2640094
nation,England,E92000001,2021-11-20,9.5,2617906
nation,England,E92000001,2021-11-19,9.5,2597107
nation,England,E92000001,2021-11-18,9.5,2580758
nation,England,E92000001,2021-11-17,9.5,2558402
nation,England,E92000001,2021-11-16,9.4,2532506
nation,England,E92000001,2021-11-15,9.4,2496340
nation,England,E92000001,2021-11-14,9.2,2479357
nation,England,E92000001,2021-11-13,9.1,2461251
nation,England,E92000001,2021-11-12,9.0,2432952
nation,England,E92000001,2021-11-11,8.9,2396558
nation,England,E92000001,2021-11-10,8.7,2373260
nation,England,E92000001,2021-11-09,8.5,2360544
nation,England,E92000001,2021-11-08,8.4,2377030
nation,England,E92000001,2021-11-07,8.3,2430364
nation,England,E92000001,2021-11-06,8.3,2467536
nation,England,E92000001,2021-11-05,8.5,2495843
nation,England,E92000001,2021-11-04,8.8,2530077
nation,England,E92000001,2021-11-03,9.0,2551709
nation,England,E92000001,2021-11-02,9.3,2561289
nation,England,E92000001,2021-11-01,9.4,2557257
nation,England,E92000001,2021-10-31,9.4,2582941
nation,England,E92000001,2021-10-30,9.4,2591166
nation,England,E92000001,2021-10-29,9.4,2607595
nation,England,E92000001,2021-10-28,9.3,2627851
nation,England,E92000001,2021-10-27,9.3,2677868
nation,England,E92000001,2021-10-26,9.3,2748555
nation,England,E92000001,2021-10-25,9.4,2829819
nation,England,E92000001,2021-10-24,9.5,2905892
nation,England,E92000001,2021-10-23,9.6,2927512
nation,England,E92000001,2021-10-22,9.7,2927802
nation,England,E92000001,2021-10-21,9.7,2929170
nation,England,E92000001,2021-10-20,9.7,2930860
nation,England,E92000001,2021-10-19,9.7,2919138
nation,England,E92000001,2021-10-18,9.5,2909719
nation,England,E92000001,2021-10-17,9.3,2909992
nation,England,E92000001,2021-10-16,9.1,2888338
nation,England,E92000001,2021-10-15,9.1,2867997
nation,England,E92000001,2021-10-14,8.9,2849699
nation,England,E92000001,2021-10-13,8.7,2832706
nation,England,E92000001,2021-10-12,8.4,2813303
nation,England,E92000001,2021-10-11,8.2,2797461
nation,England,E92000001,2021-10-10,8.0,2792361
nation,England,E92000001,2021-10-09,7.9,2782279
nation,England,E92000001,2021-10-08,7.7,2770986
nation,England,E92000001,2021-10-07,7.6,2758572
nation,England,E92000001,2021-10-06,7.4,2750551
nation,England,E92000001,2021-10-05,7.3,2747442
nation,England,E92000001,2021-10-04,7.1,2767691
nation,England,E92000001,2021-10-03,6.9,2808838
nation,England,E92000001,2021-10-02,6.9,2825894
nation,England,E92000001,2021-10-01,6.9,2834714
nation,England,E92000001,2021-09-30,6.9,2842908
nation,England,E92000001,2021-09-29,6.9,2855091
nation,England,E92000001,2021-09-28,6.9,2864181
nation,England,E92000001,2021-09-27,6.9,2872642
nation,England,E92000001,2021-09-26,6.8,2886762
nation,England,E92000001,2021-09-25,6.8,2872342
nation,England,E92000001,2021-09-24,6.7,2852366
nation,England,E92000001,2021-09-23,6.7,2819482
nation,England,E92000001,2021-09-22,6.5,2791150
nation,England,E92000001,2021-09-21,6.4,2753731
nation,England,E92000001,2021-09-20,6.2,2702240
nation,England,E92000001,2021-09-19,6.0,2662922
nation,England,E92000001,2021-09-18,5.9,2632834
nation,England,E92000001,2021-09-17,5.8,2609732
nation,England,E92000001,2021-09-16,5.8,2584044
nation,England,E92000001,2021-09-15,6.0,2562546
nation,England,E92000001,2021-09-14,6.2,2523201
nation,England,E92000001,2021-09-13,6.5,2495450
nation,England,E92000001,2021-09-12,6.8,2494090
nation,England,E92000001,2021-09-11,7.0,2498947
nation,England,E92000001,2021-09-10,7.3,2510546
nation,England,E92000001,2021-09-09,7.5,2529296
nation,England,E92000001,2021-09-08,7.7,2562681
nation,England,E92000001,2021-09-07,7.8,2606092
nation,England,E92000001,2021-09-06,7.8,2662112
nation,England,E92000001,2021-09-05,7.7,2585381
nation,England,E92000001,2021-09-04,7.6,2560185
nation,England,E92000001,2021-09-03,7.5,2537140
nation,England,E92000001,2021-09-02,7.5,2475599
nation,England,E92000001,2021-09-01,7.6,2415600
nation,England,E92000001,2021-08-31,7.6,2347222
nation,England,E92000001,2021-08-30,7.7,2269562
nation,England,E92000001,2021-08-29,7.6,2375192
nation,England,E92000001,2021-08-28,7.7,2381491
nation,England,E92000001,2021-08-27,7.9,2366856
nation,England,E92000001,2021-08-26,7.9,2364128
nation,England,E92000001,2021-08-25,8.1,2366050
nation,England,E92000001,2021-08-24,8.2,2364496
nation,England,E92000001,2021-08-23,8.3,2362278
nation,England,E92000001,2021-08-22,8.3,2373966
nation,England,E92000001,2021-08-21,8.3,2364583
nation,England,E92000001,2021-08-20,8.2,2350464
nation,England,E92000001,2021-08-19,8.3,2332549
nation,England,E92000001,2021-08-18,8.3,2314916
nation,England,E92000001,2021-08-17,8.3,2293808
nation,England,E92000001,2021-08-16,8.2,2272600
nation,England,E92000001,2021-08-15,8.1,2270333
nation,England,E92000001,2021-08-14,8.1,2261634
nation,England,E92000001,2021-08-13,8.1,2244164
nation,England,E92000001,2021-08-12,8.1,2226497
nation,England,E92000001,2021-08-11,8.1,2220447
nation,England,E92000001,2021-08-10,8.2,2208914
nation,England,E92000001,2021-08-09,8.2,2193600
nation,England,E92000001,2021-08-08,8.1,2205711
nation,England,E92000001,2021-08-07,8.0,2194154
nation,England,E92000001,2021-08-06,8.0,2180796
nation,England,E92000001,2021-08-05,8.0,2163440
nation,England,E92000001,2021-08-04,7.9,2159175
nation,England,E92000001,2021-08-03,7.8,2153803
nation,England,E92000001,2021-08-02,7.8,2153232
nation,England,E92000001,2021-08-01,7.7,2178373
nation,England,E92000001,2021-07-31,7.7,2188833
nation,England,E92000001,2021-07-30,7.8,2199694
nation,England,E92000001,2021-07-29,7.9,2206127
nation,England,E92000001,2021-07-28,8.0,2225078
nation,England,E92000001,2021-07-27,8.2,2255246
nation,England,E92000001,2021-07-26,8.5,2298677
nation,England,E92000001,2021-07-25,8.9,2379839
nation,England,E92000001,2021-07-24,9.3,2412518
nation,England,E92000001,2021-07-23,9.8,2451835
nation,England,E92000001,2021-07-22,10.5,2531346
nation,England,E92000001,2021-07-21,11.2,2612085
nation,England,E92000001,2021-07-20,11.6,2656031
nation,England,E92000001,2021-07-19,11.6,2683704
nation,England,E92000001,2021-07-18,11.3,2708248
nation,England,E92000001,2021-07-17,11.2,2692778
nation,England,E92000001,2021-07-16,10.9,2667064
nation,England,E92000001,2021-07-15,10.3,2597653
nation,England,E92000001,2021-07-14,9.5,2532305
nation,England,E92000001,2021-07-13,9.1,2501744
nation,England,E92000001,2021-07-12,8.6,2504936
nation,England,E92000001,2021-07-11,8.2,2533812
nation,England,E92000001,2021-07-10,7.9,2538118
nation,England,E92000001,2021-07-09,7.7,2537632
nation,England,E92000001,2021-07-08,7.5,2515858
nation,England,E92000001,2021-07-07,7.3,2519632
nation,England,E92000001,2021-07-06,6.9,2487308
nation,England,E92000001,2021-07-05,6.6,2455735
nation,England,E92000001,2021-07-04,6.4,2453543
nation,England,E92000001,2021-07-03,6.2,2427320
nation,England,E92000001,2021-07-02,6.0,2379214
nation,England,E92000001,2021-07-01,5.8,2328544
nation,England,E92000001,2021-06-30,5.6,2263452
nation,England,E92000001,2021-06-29,5.3,2208868
nation,England,E92000001,2021-06-28,5.0,2157868
nation,England,E92000001,2021-06-27,4.5,2134808
nation,England,E92000001,2021-06-26,4.3,2117551
nation,England,E92000001,2021-06-25,4.0,2090987
nation,England,E92000001,2021-06-24,3.8,2059148
nation,England,E92000001,2021-06-23,3.6,2039886
nation,England,E92000001,2021-06-22,3.3,2008957
nation,England,E92000001,2021-06-21,3.2,1982223
nation,England,E92000001,2021-06-20,3.0,1973260
nation,England,E92000001,2021-06-19,2.9,1949541
nation,England,E92000001,2021-06-18,2.9,1924118
nation,England,E92000001,2021-06-17,2.8,1877736
nation,England,E92000001,2021-06-16,2.7,1836722
nation,England,E92000001,2021-06-15,2.7,1802191
nation,England,E92000001,2021-06-14,2.5,1778821
nation,England,E92000001,2021-06-13,2.4,1782372
nation,England,E92000001,2021-06-12,2.3,1787596
nation,England,E92000001,2021-06-11,2.3,1779511
nation,England,E92000001,2021-06-10,2.2,1758189
nation,England,E92000001,2021-06-09,2.1,1740746
nation,England,E92000001,2021-06-08,2.1,1719081
nation,England,E92000001,2021-06-07,2.0,1703046
nation,England,E92000001,2021-06-06,1.8,1615848
nation,England,E92000001,2021-06-05,1.8,1588383
nation,England,E92000001,2021-06-04,1.7,1563645
nation,England,E92000001,2021-06-03,1.6,1538073
nation,England,E92000001,2021-06-02,1.5,1556104
nation,England,E92000001,2021-06-01,1.3,1568227
nation,England,E92000001,2021-05-31,1.2,1563235
nation,England,E92000001,2021-05-30,1.1,1703359
nation,England,E92000001,2021-05-29,1.0,1712309
nation,England,E92000001,2021-05-28,1.0,1711170
nation,England,E92000001,2021-05-27,0.9,1692103
nation,England,E92000001,2021-05-26,0.9,1651235
nation,England,E92000001,2021-05-25,0.9,1603721
nation,England,E92000001,2021-05-24,0.9,1571272
nation,England,E92000001,2021-05-23,0.8,1573556
nation,England,E92000001,2021-05-22,0.8,1567036
nation,England,E92000001,2021-05-21,0.8,1554212
nation,England,E92000001,2021-05-20,0.8,1536302
nation,England,E92000001,2021-05-19,0.8,1513007
nation,England,E92000001,2021-05-18,0.8,1492009
nation,England,E92000001,2021-05-17,0.8,1479072
nation,England,E92000001,2021-05-16,0.7,1487595
nation,England,E92000001,2021-05-15,0.7,1481948
nation,England,E92000001,2021-05-14,0.7,1463920
nation,England,E92000001,2021-05-13,0.8,1453616
nation,England,E92000001,2021-05-12,0.8,1461081
nation,England,E92000001,2021-05-11,0.8,1468578
nation,England,E92000001,2021-05-10,0.8,1490894
nation,England,E92000001,2021-05-09,0.8,1438118
nation,England,E92000001,2021-05-08,0.7,1428992
nation,England,E92000001,2021-05-07,0.7,1423321
nation,England,E92000001,2021-05-06,0.8,1390431
nation,England,E92000001,2021-05-05,0.8,1381443
nation,England,E92000001,2021-05-04,0.8,1364439
nation,England,E92000001,2021-05-03,0.8,1316372
nation,England,E92000001,2021-05-02,0.7,1440868
nation,England,E92000001,2021-05-01,0.8,1445802
nation,England,E92000001,2021-04-30,0.8,1448935
nation,England,E92000001,2021-04-29,0.8,1465992
nation,England,E92000001,2021-04-28,0.8,1482102
nation,England,E92000001,2021-04-27,0.8,1487938
nation,England,E92000001,2021-04-26,0.8,1503523
nation,England,E92000001,2021-04-25,0.8,1529720
nation,England,E92000001,2021-04-24,0.8,1540267
nation,England,E92000001,2021-04-23,0.8,1537403
nation,England,E92000001,2021-04-22,0.8,1527189
nation,England,E92000001,2021-04-21,0.8,1514937
nation,England,E92000001,2021-04-20,0.8,1499168
nation,England,E92000001,2021-04-19,0.9,1483867
nation,England,E92000001,2021-04-18,0.9,1477607
nation,England,E92000001,2021-04-17,0.9,1464350
nation,England,E92000001,2021-04-16,1.0,1450534
nation,England,E92000001,2021-04-15,1.0,1433893
nation,England,E92000001,2021-04-14,1.1,1423722
nation,England,E92000001,2021-04-13,1.2,1413300
nation,England,E92000001,2021-04-12,1.2,1427683
nation,England,E92000001,2021-04-11,1.2,1380181
nation,England,E92000001,2021-04-10,1.3,1367804
nation,England,E92000001,2021-04-09,1.3,1355384
nation,England,E92000001,2021-04-08,1.4,1263980
nation,England,E92000001,2021-04-07,1.4,1260857
nation,England,E92000001,2021-04-06,1.5,1240018
nation,England,E92000001,2021-04-05,1.6,1194593
nation,England,E92000001,2021-04-04,1.5,1329416
nation,England,E92000001,2021-04-03,1.6,1348704
nation,England,E92000001,2021-04-02,1.6,1360773
nation,England,E92000001,2021-04-01,1.7,1434722
nation,England,E92000001,2021-03-31,1.7,1452017
nation,England,E92000001,2021-03-30,1.8,1476248
nation,England,E92000001,2021-03-29,1.9,1514286
nation,England,E92000001,2021-03-28,1.9,1555810
nation,England,E92000001,2021-03-27,2.0,1564685
nation,England,E92000001,2021-03-26,2.0,1570843
nation,England,E92000001,2021-03-25,2.0,1562270
nation,England,E92000001,2021-03-24,2.0,1558120
nation,England,E92000001,2021-03-23,2.0,1553168
nation,England,E92000001,2021-03-22,2.0,1544351
nation,England,E92000001,2021-03-21,2.0,1553041
nation,England,E92000001,2021-03-20,2.0,1542012
nation,England,E92000001,2021-03-19,2.1,1526822
nation,England,E92000001,2021-03-18,2.1,1504693
nation,England,E92000001,2021-03-17,2.2,1484743
nation,England,E92000001,2021-03-16,2.2,1454764
nation,England,E92000001,2021-03-15,2.3,1428230
nation,England,E92000001,2021-03-14,2.3,1430080
nation,England,E92000001,2021-03-13,2.4,1428204
nation,England,E92000001,2021-03-12,2.4,1420133
nation,England,E92000001,2021-03-11,2.4,1409729
nation,England,E92000001,2021-03-10,2.5,1413315
nation,England,E92000001,2021-03-09,2.5,1418356
nation,England,E92000001,2021-03-08,2.5,1438280
nation,England,E92000001,2021-03-07,2.5,1468069
nation,England,E92000001,2021-03-06,2.6,1463977
nation,England,E92000001,2021-03-05,2.7,1454987
nation,England,E92000001,2021-03-04,2.8,1446094
nation,England,E92000001,2021-03-03,2.9,1447029
nation,England,E92000001,2021-03-02,3.1,1445769
nation,England,E92000001,2021-03-01,3.4,1431330
nation,England,E92000001,2021-02-28,3.6,1457138
nation,England,E92000001,2021-02-27,3.8,1465877
nation,England,E92000001,2021-02-26,4.0,1471880
nation,England,E92000001,2021-02-25,4.2,1473319
nation,England,E92000001,2021-02-24,4.4,1490863
nation,England,E92000001,2021-02-23,4.6,1498943
nation,England,E92000001,2021-02-22,4.7,1512757
nation,England,E92000001,2021-02-21,4.9,1532719
nation,England,E92000001,2021-02-20,5.0,1532477
nation,England,E92000001,2021-02-19,5.0,1532632
nation,England,E92000001,2021-02-18,5.2,1537128
nation,England,E92000001,2021-02-17,5.3,1547444
nation,England,E92000001,2021-02-16,5.4,1560604
nation,England,E92000001,2021-02-15,5.4,1574235
nation,England,E92000001,2021-02-14,5.4,1600526
nation,England,E92000001,2021-02-13,5.6,1615507
nation,England,E92000001,2021-02-12,5.8,1624191
nation,England,E92000001,2021-02-11,6.0,1625004
nation,England,E92000001,2021-02-10,6.3,1637257
nation,England,E92000001,2021-02-09,6.6,1652939
nation,England,E92000001,2021-02-08,6.9,1673340
nation,England,E92000001,2021-02-07,7.2,1703485
nation,England,E92000001,2021-02-06,7.4,1698203
nation,England,E92000001,2021-02-05,7.8,1687660
nation,England,E92000001,2021-02-04,8.2,1683341
nation,England,E92000001,2021-02-03,8.5,1697797
nation,England,E92000001,2021-02-02,8.9,1693190
nation,England,E92000001,2021-02-01,9.4,1700588
nation,England,E92000001,2021-01-31,9.7,1734581
nation,England,E92000001,2021-01-30,9.8,1738384
nation,England,E92000001,2021-01-29,10.1,1748499
nation,England,E92000001,2021-01-28,10.5,1758518
nation,England,E92000001,2021-01-27,11.0,1758744
nation,England,E92000001,2021-01-26,11.4,1778181
nation,England,E92000001,2021-01-25,11.8,1820026
nation,England,E92000001,2021-01-24,12.2,1886718
nation,England,E92000001,2021-01-23,12.6,1924012
nation,England,E92000001,2021-01-22,12.9,1944743
nation,England,E92000001,2021-01-21,13.3,1961883
nation,England,E92000001,2021-01-20,13.6,1987133
nation,England,E92000001,2021-01-19,13.9,2024578
nation,England,E92000001,2021-01-18,14.0,2072768
nation,England,E92000001,2021-01-17,14.0,2152609
nation,England,E92000001,2021-01-16,14.1,2188184
nation,England,E92000001,2021-01-15,14.2,2226507
nation,England,E92000001,2021-01-14,14.2,2253061
nation,England,E92000001,2021-01-13,14.4,2284807
nation,England,E92000001,2021-01-12,14.5,2338308
nation,England,E92000001,2021-01-11,14.8,2380406
nation,England,E92000001,2021-01-10,15.2,2432079
nation,England,E92000001,2021-01-09,15.7,2467797
nation,England,E92000001,2021-01-08,16.2,2504554
nation,England,E92000001,2021-01-07,16.8,2325528
nation,England,E92000001,2021-01-06,17.4,2233178
nation,England,E92000001,2021-01-05,17.8,2240828
nation,England,E92000001,2021-01-04,18.2,2264177
nation,England,E92000001,2021-01-03,18.1,2097934
nation,England,E92000001,2021-01-02,18.1,2060328
nation,England,E92000001,2021-01-01,18.3,1937236
nation,England,E92000001,2020-12-31,18.3,1844324
nation,England,E92000001,2020-12-30,18.1,1764287
nation,England,E92000001,2020-12-29,17.0,1713611
nation,England,E92000001,2020-12-28,15.2,1703336
nation,England,E92000001,2020-12-27,13.4,1944870
nation,England,E92000001,2020-12-26,12.3,1994190
nation,England,E92000001,2020-12-25,11.3,2042187
nation,England,E92000001,2020-12-24,10.9,2278872
nation,England,E92000001,2020-12-23,10.6,2369454
nation,England,E92000001,2020-12-22,10.4,2329297
nation,England,E92000001,2020-12-21,10.1,2259298
nation,England,E92000001,2020-12-20,9.9,2170898
nation,England,E92000001,2020-12-19,9.8,2088218
nation,England,E92000001,2020-12-18,9.7,2037706
nation,England,E92000001,2020-12-17,9.5,1951287
nation,England,E92000001,2020-12-16,9.3,1880542
nation,England,E92000001,2020-12-15,8.9,1819304
nation,England,E92000001,2020-12-14,8.4,1768606
nation,England,E92000001,2020-12-13,7.9,1726557
nation,England,E92000001,2020-12-12,7.6,1686308
nation,England,E92000001,2020-12-11,7.4,1647125
nation,England,E92000001,2020-12-10,7.2,1600813
nation,England,E92000001,2020-12-09,7.0,1562937
nation,England,E92000001,2020-12-08,6.8,1554401
nation,England,E92000001,2020-12-07,6.6,1554787
nation,England,E92000001,2020-12-06,6.4,1565610
nation,England,E92000001,2020-12-05,6.3,1561923
nation,England,E92000001,2020-12-04,6.3,1558086
nation,England,E92000001,2020-12-03,6.3,1543941
nation,England,E92000001,2020-12-02,6.3,1536637
nation,England,E92000001,2020-12-01,6.4,1535568
nation,England,E92000001,2020-11-30,6.4,1556325
nation,England,E92000001,2020-11-29,6.4,1581836
nation,England,E92000001,2020-11-28,6.4,1589914
nation,England,E92000001,2020-11-27,6.5,1600128
nation,England,E92000001,2020-11-26,6.6,1613716
nation,England,E92000001,2020-11-25,6.9,1615163
nation,England,E92000001,2020-11-24,7.2,1621354
nation,England,E92000001,2020-11-23,7.4,1650222
nation,England,E92000001,2020-11-22,7.7,1685526
nation,England,E92000001,2020-11-21,8.0,1685629
nation,England,E92000001,2020-11-20,8.3,1683077
nation,England,E92000001,2020-11-19,8.7,1684000
nation,England,E92000001,2020-11-18,9.0,1686213
nation,England,E92000001,2020-11-17,9.4,1692387
nation,England,E92000001,2020-11-16,9.5,1698895
nation,England,E92000001,2020-11-15,9.6,1720615
nation,England,E92000001,2020-11-14,9.8,1739253
nation,England,E92000001,2020-11-13,9.8,1745423
nation,England,E92000001,2020-11-12,9.7,1743622
nation,England,E92000001,2020-11-11,9.7,1739142
nation,England,E92000001,2020-11-10,9.5,1722471
nation,England,E92000001,2020-11-09,9.3,1738951
nation,England,E92000001,2020-11-08,9.1,1769774
nation,England,E92000001,2020-11-07,9.0,1757595
nation,England,E92000001,2020-11-06,9.0,1737813
nation,England,E92000001,2020-11-05,9.1,1711398
nation,England,E92000001,2020-11-04,9.1,1697069
nation,England,E92000001,2020-11-03,9.2,1670273
nation,England,E92000001,2020-11-02,9.2,1635778
nation,England,E92000001,2020-11-01,9.2,1587276
nation,England,E92000001,2020-10-31,9.2,1565132
nation,England,E92000001,2020-10-30,9.2,1544475
nation,England,E92000001,2020-10-29,9.2,1512837
nation,England,E92000001,2020-10-28,9.3,1493533
nation,England,E92000001,2020-10-27,9.2,1513099
nation,England,E92000001,2020-10-26,9.0,1546519
nation,England,E92000001,2020-10-25,8.8,1578901
nation,England,E92000001,2020-10-24,8.7,1579403
nation,England,E92000001,2020-10-23,8.6,1573640
nation,England,E92000001,2020-10-22,8.5,1555785
nation,England,E92000001,2020-10-21,8.3,1534050
nation,England,E92000001,2020-10-20,8.1,1509860
nation,England,E92000001,2020-10-19,7.8,1491987
nation,England,E92000001,2020-10-18,7.4,1480512
nation,England,E92000001,2020-10-17,7.3,1469937
nation,England,E92000001,2020-10-16,7.2,1459752
nation,England,E92000001,2020-10-15,7.2,1443016
nation,England,E92000001,2020-10-14,7.1,1442517
nation,England,E92000001,2020-10-13,7.0,1443194
nation,England,E92000001,2020-10-12,6.9,1454412
nation,England,E92000001,2020-10-11,6.7,1461712
nation,England,E92000001,2020-10-10,6.6,1473129
nation,England,E92000001,2020-10-09,6.5,1478537
nation,England,E92000001,2020-10-08,6.5,1466298
nation,England,E92000001,2020-10-07,6.3,1433510
nation,England,E92000001,2020-10-06,6.1,1399381
nation,England,E92000001,2020-10-05,5.8,1373304
nation,England,E92000001,2020-10-04,5.4,1363830
nation,England,E92000001,2020-10-03,5.2,1350131
nation,England,E92000001,2020-10-02,5.0,1325632
nation,England,E92000001,2020-10-01,4.7,1291969
nation,England,E92000001,2020-09-30,4.3,1272362
nation,England,E92000001,2020-09-29,4.0,1263283
nation,England,E92000001,2020-09-28,3.7,1266589
nation,England,E92000001,2020-09-27,3.4,1262511
nation,England,E92000001,2020-09-26,3.2,1270112
nation,England,E92000001,2020-09-25,3.1,1267113
nation,England,E92000001,2020-09-24,3.0,1253315
nation,England,E92000001,2020-09-23,2.8,1233490
nation,England,E92000001,2020-09-22,2.7,1226993
nation,England,E92000001,2020-09-21,2.5,1229518
nation,England,E92000001,2020-09-20,2.3,1229853
nation,England,E92000001,2020-09-19,2.1,1203361
nation,England,E92000001,2020-09-18,2.0,1194130
nation,England,E92000001,2020-09-17,1.8,1190311
nation,England,E92000001,2020-09-16,1.8,1190017
nation,England,E92000001,2020-09-15,1.7,1182768
nation,England,E92000001,2020-09-14,1.7,1177902
nation,England,E92000001,2020-09-13,1.7,1198261
nation,England,E92000001,2020-09-12,1.8,1205195
nation,England,E92000001,2020-09-11,1.8,1201555
nation,England,E92000001,2020-09-10,1.8,1172835
nation,England,E92000001,2020-09-09,1.8,1146370
nation,England,E92000001,2020-09-08,1.8,1127841
nation,England,E92000001,2020-09-07,1.7,1116807
nation,England,E92000001,2020-09-06,1.7,1031597
nation,England,E92000001,2020-09-05,1.6,1017624
nation,England,E92000001,2020-09-04,1.5,994923
nation,England,E92000001,2020-09-03,1.4,951167
nation,England,E92000001,2020-09-02,1.3,915391
nation,England,E92000001,2020-09-01,1.2,884206
nation,England,E92000001,2020-08-31,1.1,865768
nation,England,E92000001,2020-08-30,1.0,924705
nation,England,E92000001,2020-08-29,1.0,920484
nation,England,E92000001,2020-08-28,1.0,919501
nation,England,E92000001,2020-08-27,0.9,927011
nation,England,E92000001,2020-08-26,0.9,934794
nation,England,E92000001,2020-08-25,0.9,936905
nation,England,E92000001,2020-08-24,0.9,932487
nation,England,E92000001,2020-08-23,0.9,931519
nation,England,E92000001,2020-08-22,0.9,928313
nation,England,E92000001,2020-08-21,0.9,921035
nation,England,E92000001,2020-08-20,0.9,902942
nation,England,E92000001,2020-08-19,0.9,879248
nation,England,E92000001,2020-08-18,0.9,858515
nation,England,E92000001,2020-08-17,1.0,854376
nation,England,E92000001,2020-08-16,1.0,846246
nation,England,E92000001,2020-08-15,1.0,838792
nation,England,E92000001,2020-08-14,1.0,829903
nation,England,E92000001,2020-08-13,1.0,812440
nation,England,E92000001,2020-08-12,1.0,809408
nation,England,E92000001,2020-08-11,1.0,809000
nation,England,E92000001,2020-08-10,1.0,804971
nation,England,E92000001,2020-08-09,0.9,803911
nation,England,E92000001,2020-08-08,0.9,809198
nation,England,E92000001,2020-08-07,0.9,808761
nation,England,E92000001,2020-08-06,0.9,791965
nation,England,E92000001,2020-08-05,0.9,771565
nation,England,E92000001,2020-08-04,0.9,753383
nation,England,E92000001,2020-08-03,0.9,735484
nation,England,E92000001,2020-08-02,0.9,721175
nation,England,E92000001,2020-08-01,0.9,712254
nation,England,E92000001,2020-07-31,0.9,704203
nation,England,E92000001,2020-07-30,0.9,694118
nation,England,E92000001,2020-07-29,1.0,672781
nation,England,E92000001,2020-07-28,1.0,645002
nation,England,E92000001,2020-07-27,1.0,627623
nation,England,E92000001,2020-07-26,1.0,618180
nation,England,E92000001,2020-07-25,1.0,614518
nation,England,E92000001,2020-07-24,1.0,612432
nation,England,E92000001,2020-07-23,0.9,609915
nation,England,E92000001,2020-07-22,0.9,615582
nation,England,E92000001,2020-07-21,0.9,634365
nation,England,E92000001,2020-07-20,0.9,650654
nation,England,E92000001,2020-07-19,0.8,656324
nation,England,E92000001,2020-07-18,0.8,646974
nation,England,E92000001,2020-07-17,0.9,637524
nation,England,E92000001,2020-07-16,0.9,626084
nation,England,E92000001,2020-07-15,0.9,621046
nation,England,E92000001,2020-07-14,0.9,604453
nation,England,E92000001,2020-07-13,0.9,584302
nation,England,E92000001,2020-07-12,1.0,564552
nation,England,E92000001,2020-07-11,1.0,559712
nation,England,E92000001,2020-07-10,1.0,555722
nation,England,E92000001,2020-07-09,1.0,540782
nation,England,E92000001,2020-07-08,1.1,523684
nation,England,E92000001,2020-07-07,1.1,505758
nation,England,E92000001,2020-07-06,1.1,491874
nation,England,E92000001,2020-07-05,1.1,490964
nation,England,E92000001,2020-07-04,1.1,488404
nation,England,E92000001,2020-07-03,1.2,481925
nation,England,E92000001,2020-07-02,1.2,469649
nation,England,E92000001,2020-07-01,1.3,452063
nation,England,E92000001,2020-06-30,1.4,435293
nation,England,E92000001,2020-06-29,1.5,422125
nation,England,E92000001,2020-06-28,1.6,405337
nation,England,E92000001,2020-06-27,1.7,399096
nation,England,E92000001,2020-06-26,1.7,395725
nation,England,E92000001,2020-06-25,1.8,388998
nation,England,E92000001,2020-06-24,1.9,393517
nation,England,E92000001,2020-06-23,1.9,392837
nation,England,E92000001,2020-06-22,2.0,391609
nation,England,E92000001,2020-06-21,2.0,390318
nation,England,E92000001,2020-06-20,2.1,392704
nation,England,E92000001,2020-06-19,2.1,396915
nation,England,E92000001,2020-06-18,2.1,401694
nation,England,E92000001,2020-06-17,2.1,407349
nation,England,E92000001,2020-06-16,2.1,420703
nation,England,E92000001,2020-06-15,2.1,437392
nation,England,E92000001,2020-06-14,2.0,448372
nation,England,E92000001,2020-06-13,2.0,450737
nation,England,E92000001,2020-06-12,2.0,458452
nation,England,E92000001,2020-06-11,2.0,466644
nation,England,E92000001,2020-06-10,2.0,472614
nation,England,E92000001,2020-06-09,2.1,471196
nation,England,E92000001,2020-06-08,2.2,465217
nation,England,E92000001,2020-06-07,2.3,460855
nation,England,E92000001,2020-06-06,2.4,458652
nation,England,E92000001,2020-06-05,2.5,454346
nation,England,E92000001,2020-06-04,2.6,450188
nation,England,E92000001,2020-06-03,2.8,448731
nation,England,E92000001,2020-06-02,2.9,447084
nation,England,E92000001,2020-06-01,3.1,432593
nation,England,E92000001,2020-05-31,3.2,411673
nation,England,E92000001,2020-05-30,3.3,413586
nation,England,E92000001,2020-05-29,3.3,414799
nation,England,E92000001,2020-05-28,3.5,410218
nation,England,E92000001,2020-05-27,3.7,409089
nation,England,E92000001,2020-05-26,3.8,411194
nation,England,E92000001,2020-05-25,3.9,428309
nation,England,E92000001,2020-05-24,4.0,447670
nation,England,E92000001,2020-05-23,4.0,447724
nation,England,E92000001,2020-05-22,4.1,452781
nation,England,E92000001,2020-05-21,4.2,451793
nation,England,E92000001,2020-05-20,4.2,442667
nation,England,E92000001,2020-05-19,4.4,438810
nation,England,E92000001,2020-05-18,4.5,432731
nation,England,E92000001,2020-05-17,4.7,433043
nation,England,E92000001,2020-05-16,4.9,429664
nation,England,E92000001,2020-05-15,5.1,411862
nation,England,E92000001,2020-05-14,5.3,400569
nation,England,E92000001,2020-05-13,5.5,400289
nation,England,E92000001,2020-05-12,5.8,389859
nation,England,E92000001,2020-05-11,6.1,373823
nation,England,E92000001,2020-05-10,6.3,352201
nation,England,E92000001,2020-05-09,6.4,356721
nation,England,E92000001,2020-05-08,6.4,366520
nation,England,E92000001,2020-05-07,6.5,384507
nation,England,E92000001,2020-05-06,6.6,393153
nation,England,E92000001,2020-05-05,6.9,396717
nation,England,E92000001,2020-05-04,7.3,390010
nation,England,E92000001,2020-05-03,7.7,383870
nation,England,E92000001,2020-05-02,8.1,363763
nation,England,E92000001,2020-05-01,8.8,341482
nation,England,E92000001,2020-04-30,10.2,296904
nation,England,E92000001,2020-04-29,12.2,247756
nation,England,E92000001,2020-04-28,14.6,205938
nation,England,E92000001,2020-04-27,16.6,179351
nation,England,E92000001,2020-04-26,18.3,161134
nation,England,E92000001,2020-04-25,20.3,147026
nation,England,E92000001,2020-04-24,22.4,137186
nation,England,E92000001,2020-04-23,24.3,125013
nation,England,E92000001,2020-04-22,25.8,117056
nation,England,E92000001,2020-04-21,27.1,109754
nation,England,E92000001,2020-04-20,28.1,103975
nation,England,E92000001,2020-04-19,29.1,98513
nation,England,E92000001,2020-04-18,29.7,94160
nation,England,E92000001,2020-04-17,30.6,88080
nation,England,E92000001,2020-04-16,31.9,81931
nation,England,E92000001,2020-04-15,33.2,77823
nation,England,E92000001,2020-04-14,34.7,74480
nation,England,E92000001,2020-04-13,36.1,75105
nation,England,E92000001,2020-04-12,37.1,75881
nation,England,E92000001,2020-04-11,38.0,74196
nation,England,E92000001,2020-04-10,38.9,74208
nation,England,E92000001,2020-04-09,39.4,74053
nation,England,E92000001,2020-04-08,40.3,72597
nation,England,E92000001,2020-04-07,40.7,70821
nation,England,E92000001,2020-04-06,40.4,69181
nation,England,E92000001,2020-04-05,40.3,67094
nation,England,E92000001,2020-04-04,40.2,65152
nation,England,E92000001,2020-04-03,39.9,62755
nation,England,E92000001,2020-04-02,39.4,59914
nation,England,E92000001,2020-04-01,38.6,57344
nation,England,E92000001,2020-03-31,37.4,53940
nation,England,E92000001,2020-03-30,35.7,51453
nation,England,E92000001,2020-03-29,33.7,49305
nation,England,E92000001,2020-03-28,32.1,47638
nation,England,E92000001,2020-03-27,29.9,46750
nation,England,E92000001,2020-03-26,27.7,44433
nation,England,E92000001,2020-03-25,24.9,42089
nation,England,E92000001,2020-03-24,22.7,40143
nation,England,E92000001,2020-03-23,20.5,37748
nation,England,E92000001,2020-03-22,18.0,35517
nation,England,E92000001,2020-03-21,16.8,33204
nation,England,E92000001,2020-03-20,15.5,31568
nation,England,E92000001,2020-03-19,14.0,30319
nation,England,E92000001,2020-03-18,13.1,28667
nation,England,E92000001,2020-03-17,11.6,27139
nation,England,E92000001,2020-03-16,10.5,24709
nation,England,E92000001,2020-03-15,10.0,21946
nation,England,E92000001,2020-03-14,9.5,19810
nation,England,E92000001,2020-03-13,9.2,17521
nation,England,E92000001,2020-03-12,8.4,15021
nation,England,E92000001,2020-03-11,7.4,12406
nation,England,E92000001,2020-03-10,6.3,10466
nation,England,E92000001,2020-03-09,5.1,9533
nation,England,E92000001,2020-03-08,4.1,9410
nation,England,E92000001,2020-03-07,3.7,9235
nation,England,E92000001,2020-03-06,3.2,9372
nation,England,E92000001,2020-03-05,2.4,9599
nation,England,E92000001,2020-03-04,1.9,9788
nation,England,E92000001,2020-03-03,1.4,9649
nation,England,E92000001,2020-03-02,1.0,8790
nation,England,E92000001,2020-03-01,0.7,7826
nation,England,E92000001,2020-02-29,0.6,6795
nation,England,E92000001,2020-02-28,0.6,5608
nation,England,E92000001,2020-02-27,0.5,4281
nation,England,E92000001,2020-02-26,0.4,3067
nation,England,E92000001,2020-02-25,0.5,2208
nation,England,E92000001,2020-02-24,0.3,1959
nation,England,E92000001,2020-02-23,0.3,1953
nation,England,E92000001,2020-02-22,0.2,1960
nation,England,E92000001,2020-02-21,0.1,2086
nation,England,E92000001,2020-02-20,,2341
nation,England,E92000001,2020-02-19,0.1,2683
nation,England,E92000001,2020-02-18,0.1,2859
nation,England,E92000001,2020-02-17,0.2,3184
nation,England,E92000001,2020-02-16,0.2,3185
nation,England,E92000001,2020-02-15,0.2,3170
nation,England,E92000001,2020-02-14,0.4,3046
nation,England,E92000001,2020-02-13,0.4,2547
nation,England,E92000001,2020-02-12,0.5,2068
nation,England,E92000001,2020-02-11,0.6,1572
nation,England,E92000001,2020-02-10,0.7,1170
nation,England,E92000001,2020-02-09,0.9,798
nation,England,E92000001,2020-02-08,0.9,535
